[23Jul2025 20:53:07.367] [main/INFO] [cpw.mods.modlauncher.Launcher/MODLAUNCHER]: ModLauncher running: args [--launchTarget, forgeserver, --fml.forgeVersion, 47.3.7, --fml.mcVersion, 1.20.1, --fml.forgeGroup, net.minecraftforge, --fml.mcpVersion, 20230612.114412, nogui]
[23Jul2025 20:53:07.373] [main/INFO] [cpw.mods.modlauncher.Launcher/MODLAUNCHER]: ModLauncher 10.0.9+10.0.9+main.dcd20f30 starting: java version 17.0.15 by Ubuntu; OS Linux arch amd64 version 6.8.0-1027-azure
[23Jul2025 20:53:07.399] [main/DEBUG] [cpw.mods.modlauncher.LaunchServiceHandler/MODLAUNCHER]: Found launch services [fmlclientdev,forgeclient,minecraft,forgegametestserverdev,fmlserveruserdev,fmlclient,fmldatauserdev,forgeserverdev,forgeserveruserdev,forgeclientdev,forgeclientuserdev,forgeserver,forgedatadev,fmlserver,fmlclientuserdev,fmlserverdev,forgedatauserdev,testharness,forgegametestserveruserdev]
[23Jul2025 20:53:07.420] [main/DEBUG] [cpw.mods.modlauncher.NameMappingServiceHandler/MODLAUNCHER]: Found naming services : [srgtomcp]
[23Jul2025 20:53:07.442] [main/DEBUG] [cpw.mods.modlauncher.LaunchPluginHandler/MODLAUNCHER]: Found launch plugins: [mixin,eventbus,slf4jfixer,object_holder_definalize,runtime_enum_extender,capability_token_subclass,accesstransformer,runtimedistcleaner]
[23Jul2025 20:53:07.453] [main/DEBUG] [cpw.mods.modlauncher.TransformationServicesHandler/MODLAUNCHER]: Discovering transformation services
[23Jul2025 20:53:07.458] [main/DEBUG] [net.minecraftforge.fml.loading.FMLPaths/CORE]: Path GAMEDIR is /workspaces/shiny-telegram/servidor_minecraft
[23Jul2025 20:53:07.458] [main/DEBUG] [net.minecraftforge.fml.loading.FMLPaths/CORE]: Path MODSDIR is /workspaces/shiny-telegram/servidor_minecraft/mods
[23Jul2025 20:53:07.459] [main/DEBUG] [net.minecraftforge.fml.loading.FMLPaths/CORE]: Path CONFIGDIR is /workspaces/shiny-telegram/servidor_minecraft/config
[23Jul2025 20:53:07.459] [main/DEBUG] [net.minecraftforge.fml.loading.FMLPaths/CORE]: Path FMLCONFIG is /workspaces/shiny-telegram/servidor_minecraft/config/fml.toml
[23Jul2025 20:53:08.984] [main/DEBUG] [cpw.mods.modlauncher.TransformationServicesHandler/MODLAUNCHER]: Found additional transformation services from discovery services: 
[23Jul2025 20:53:08.998] [main/INFO] [net.minecraftforge.fml.loading.ImmediateWindowHandler/]: ImmediateWindowProvider not loading because launch target is forgeserver
[23Jul2025 20:53:09.008] [main/DEBUG] [cpw.mods.modlauncher.TransformationServicesHandler/MODLAUNCHER]: Found transformer services : [mixin,fml]
[23Jul2025 20:53:09.008] [main/DEBUG] [cpw.mods.modlauncher.TransformationServicesHandler/MODLAUNCHER]: Transformation services loading
[23Jul2025 20:53:09.009] [main/DEBUG] [cpw.mods.modlauncher.TransformationServiceDecorator/MODLAUNCHER]: Loading service mixin
[23Jul2025 20:53:09.009] [main/DEBUG] [cpw.mods.modlauncher.TransformationServiceDecorator/MODLAUNCHER]: Loaded service mixin
[23Jul2025 20:53:09.009] [main/DEBUG] [cpw.mods.modlauncher.TransformationServiceDecorator/MODLAUNCHER]: Loading service fml
[23Jul2025 20:53:09.010] [main/DEBUG] [net.minecraftforge.fml.loading.LauncherVersion/CORE]: Found FMLLauncher version 1.0
[23Jul2025 20:53:09.010] [main/DEBUG] [net.minecraftforge.fml.loading.FMLLoader/CORE]: FML 1.0 loading
[23Jul2025 20:53:09.010] [main/DEBUG] [net.minecraftforge.fml.loading.FMLLoader/CORE]: FML found ModLauncher version : 10.0.9+10.0.9+main.dcd20f30
[23Jul2025 20:53:09.011] [main/DEBUG] [net.minecraftforge.fml.loading.FMLLoader/CORE]: FML found AccessTransformer version : 8.0.4+66+master.c09db6d7
[23Jul2025 20:53:09.011] [main/DEBUG] [net.minecraftforge.fml.loading.FMLLoader/CORE]: FML found EventBus version : 6.0.5+6.0.5+master.eb8e549b
[23Jul2025 20:53:09.011] [main/DEBUG] [net.minecraftforge.fml.loading.FMLLoader/CORE]: Found Runtime Dist Cleaner
[23Jul2025 20:53:09.012] [main/DEBUG] [net.minecraftforge.fml.loading.FMLLoader/CORE]: FML found CoreMod version : 5.1.6
[23Jul2025 20:53:09.013] [main/DEBUG] [net.minecraftforge.fml.loading.FMLLoader/CORE]: Found ForgeSPI package implementation version 7.0.1+7.0.1+master.d2b38bf6
[23Jul2025 20:53:09.013] [main/DEBUG] [net.minecraftforge.fml.loading.FMLLoader/CORE]: Found ForgeSPI package specification 5
[23Jul2025 20:53:09.013] [main/DEBUG] [cpw.mods.modlauncher.TransformationServiceDecorator/MODLAUNCHER]: Loaded service fml
[23Jul2025 20:53:09.014] [main/DEBUG] [cpw.mods.modlauncher.TransformationServicesHandler/MODLAUNCHER]: Configuring option handling for services
[23Jul2025 20:53:09.019] [main/DEBUG] [cpw.mods.modlauncher.TransformationServicesHandler/MODLAUNCHER]: Transformation services initializing
[23Jul2025 20:53:09.019] [main/DEBUG] [cpw.mods.modlauncher.TransformationServiceDecorator/MODLAUNCHER]: Initializing transformation service mixin
[23Jul2025 20:53:09.031] [main/DEBUG] [mixin/]: MixinService [ModLauncher] was successfully booted in cpw.mods.cl.ModuleClassLoader@1e7c7811
[23Jul2025 20:53:09.181] [main/INFO] [mixin/]: SpongePowered MIXIN Subsystem Version=0.8.5 Source=union:/workspaces/shiny-telegram/servidor_minecraft/libraries/org/spongepowered/mixin/0.8.5/mixin-0.8.5.jar%2365!/ Service=ModLauncher Env=SERVER
[23Jul2025 20:53:09.184] [main/DEBUG] [mixin/]: Initialising Mixin Platform Manager
[23Jul2025 20:53:09.184] [main/DEBUG] [mixin/]: Adding mixin platform agents for container ModLauncher Root Container(ModLauncher:4f56a0a2)
[23Jul2025 20:53:09.185] [main/DEBUG] [mixin/]: Instancing new MixinPlatformAgentMinecraftForge for ModLauncher Root Container(ModLauncher:4f56a0a2)
[23Jul2025 20:53:09.185] [main/DEBUG] [mixin/]: MixinPlatformAgentMinecraftForge rejected container ModLauncher Root Container(ModLauncher:4f56a0a2)
[23Jul2025 20:53:09.186] [main/DEBUG] [mixin/]: Instancing new MixinPlatformAgentDefault for ModLauncher Root Container(ModLauncher:4f56a0a2)
[23Jul2025 20:53:09.186] [main/DEBUG] [mixin/]: MixinPlatformAgentDefault accepted container ModLauncher Root Container(ModLauncher:4f56a0a2)
[23Jul2025 20:53:09.189] [main/DEBUG] [cpw.mods.modlauncher.TransformationServiceDecorator/MODLAUNCHER]: Initialized transformation service mixin
[23Jul2025 20:53:09.189] [main/DEBUG] [cpw.mods.modlauncher.TransformationServiceDecorator/MODLAUNCHER]: Initializing transformation service fml
[23Jul2025 20:53:09.189] [main/DEBUG] [net.minecraftforge.fml.loading.FMLServiceProvider/CORE]: Setting up basic FML game directories
[23Jul2025 20:53:09.190] [main/DEBUG] [net.minecraftforge.fml.loading.FMLPaths/CORE]: Path GAMEDIR is /workspaces/shiny-telegram/servidor_minecraft
[23Jul2025 20:53:09.190] [main/DEBUG] [net.minecraftforge.fml.loading.FMLPaths/CORE]: Path MODSDIR is /workspaces/shiny-telegram/servidor_minecraft/mods
[23Jul2025 20:53:09.190] [main/DEBUG] [net.minecraftforge.fml.loading.FMLPaths/CORE]: Path CONFIGDIR is /workspaces/shiny-telegram/servidor_minecraft/config
[23Jul2025 20:53:09.190] [main/DEBUG] [net.minecraftforge.fml.loading.FMLPaths/CORE]: Path FMLCONFIG is /workspaces/shiny-telegram/servidor_minecraft/config/fml.toml
[23Jul2025 20:53:09.190] [main/DEBUG] [net.minecraftforge.fml.loading.FMLServiceProvider/CORE]: Loading configuration
[23Jul2025 20:53:09.193] [main/DEBUG] [net.minecraftforge.fml.loading.FMLServiceProvider/CORE]: Preparing ModFile
[23Jul2025 20:53:09.195] [main/DEBUG] [net.minecraftforge.fml.loading.FMLServiceProvider/CORE]: Preparing launch handler
[23Jul2025 20:53:09.196] [main/DEBUG] [net.minecraftforge.fml.loading.FMLLoader/CORE]: Using forgeserver as launch service
[23Jul2025 20:53:09.210] [main/DEBUG] [net.minecraftforge.fml.loading.FMLLoader/CORE]: Received command line version data  : VersionInfo[forgeVersion=47.3.7, mcVersion=1.20.1, mcpVersion=20230612.114412, forgeGroup=net.minecraftforge]
[23Jul2025 20:53:09.211] [main/DEBUG] [cpw.mods.modlauncher.TransformationServiceDecorator/MODLAUNCHER]: Initialized transformation service fml
[23Jul2025 20:53:09.211] [main/DEBUG] [cpw.mods.modlauncher.NameMappingServiceHandler/MODLAUNCHER]: Current naming domain is 'srg'
[23Jul2025 20:53:09.212] [main/DEBUG] [cpw.mods.modlauncher.NameMappingServiceHandler/MODLAUNCHER]: Identified name mapping providers {}
[23Jul2025 20:53:09.212] [main/DEBUG] [cpw.mods.modlauncher.TransformationServicesHandler/MODLAUNCHER]: Transformation services begin scanning
[23Jul2025 20:53:09.212] [main/DEBUG] [cpw.mods.modlauncher.TransformationServiceDecorator/MODLAUNCHER]: Beginning scan trigger - transformation service mixin
[23Jul2025 20:53:09.213] [main/DEBUG] [cpw.mods.modlauncher.TransformationServiceDecorator/MODLAUNCHER]: End scan trigger - transformation service mixin
[23Jul2025 20:53:09.213] [main/DEBUG] [cpw.mods.modlauncher.TransformationServiceDecorator/MODLAUNCHER]: Beginning scan trigger - transformation service fml
[23Jul2025 20:53:09.213] [main/DEBUG] [net.minecraftforge.fml.loading.FMLServiceProvider/CORE]: Initiating mod scan
[23Jul2025 20:53:09.220] [main/DEBUG] [net.minecraftforge.fml.loading.moddiscovery.ModListHandler/CORE]: Found mod coordinates from lists: []
[23Jul2025 20:53:09.223] [main/DEBUG] [net.minecraftforge.fml.loading.moddiscovery.ModDiscoverer/CORE]: Found Mod Locators : (mods folder:null),(maven libs:null),(exploded directory:null),(minecraft:null),(userdev classpath:null)
[23Jul2025 20:53:09.224] [main/DEBUG] [net.minecraftforge.fml.loading.moddiscovery.ModDiscoverer/CORE]: Found Dependency Locators : (JarInJar:null)
[23Jul2025 20:53:09.229] [main/DEBUG] [net.minecraftforge.fml.loading.moddiscovery.ModFileParser/LOADING]: Considering mod file candidate /workspaces/shiny-telegram/servidor_minecraft/mods/architectury-9.2.14-forge.jar
[23Jul2025 20:53:09.269] [main/DEBUG] [net.minecraftforge.fml.loading.moddiscovery.ModFileInfo/LOADING]: Found valid mod file architectury-9.2.14-forge.jar with {architectury} mods - versions {9.2.14}
[23Jul2025 20:53:09.270] [main/DEBUG] [net.minecraftforge.fml.loading.moddiscovery.ModFileParser/LOADING]: Considering mod file candidate /workspaces/shiny-telegram/servidor_minecraft/mods/Ash Of Sin-Soul Like Boss Battle-1.20.1-1.0.2.jar
[23Jul2025 20:53:09.273] [main/DEBUG] [net.minecraftforge.fml.loading.moddiscovery.ModFileInfo/LOADING]: Found valid mod file Ash Of Sin-Soul Like Boss Battle-1.20.1-1.0.2.jar with {ash_of_sin_soul_like_boss_battle} mods - versions {1.0.2}
[23Jul2025 20:53:09.274] [main/DEBUG] [net.minecraftforge.fml.loading.moddiscovery.ModFileParser/LOADING]: Considering mod file candidate /workspaces/shiny-telegram/servidor_minecraft/mods/azurelib-neo-1.20.1-3.0.9.jar
[23Jul2025 20:53:09.275] [main/DEBUG] [net.minecraftforge.fml.loading.moddiscovery.ModFileInfo/LOADING]: Found valid mod file azurelib-neo-1.20.1-3.0.9.jar with {azurelib} mods - versions {3.0.9}
[23Jul2025 20:53:09.276] [main/DEBUG] [net.minecraftforge.fml.loading.moddiscovery.ModFileParser/LOADING]: Considering mod file candidate /workspaces/shiny-telegram/servidor_minecraft/mods/betterdays-1.20.1-3.1.1.1-FORGE.jar
[23Jul2025 20:53:09.278] [main/DEBUG] [net.minecraftforge.fml.loading.moddiscovery.ModFileInfo/LOADING]: Found valid mod file betterdays-1.20.1-3.1.1.1-FORGE.jar with {betterdays} mods - versions {1.20.1-3.1.1.1-FORGE}
[23Jul2025 20:53:09.279] [main/DEBUG] [net.minecraftforge.fml.loading.moddiscovery.ModFileParser/LOADING]: Considering mod file candidate /workspaces/shiny-telegram/servidor_minecraft/mods/carryon-forge-1.20.1-2.1.2.7.jar
[23Jul2025 20:53:09.282] [main/DEBUG] [net.minecraftforge.fml.loading.moddiscovery.ModFileInfo/LOADING]: Found valid mod file carryon-forge-1.20.1-2.1.2.7.jar with {carryon} mods - versions {2.1.2.7}
[23Jul2025 20:53:09.283] [main/DEBUG] [net.minecraftforge.fml.loading.moddiscovery.ModFileParser/LOADING]: Considering mod file candidate /workspaces/shiny-telegram/servidor_minecraft/mods/cloth-config-11.1.136-forge.jar
[23Jul2025 20:53:09.284] [main/DEBUG] [net.minecraftforge.fml.loading.moddiscovery.ModFileInfo/LOADING]: Found valid mod file cloth-config-11.1.136-forge.jar with {cloth_config} mods - versions {11.1.136}
[23Jul2025 20:53:09.285] [main/DEBUG] [net.minecraftforge.fml.loading.moddiscovery.ModFileParser/LOADING]: Considering mod file candidate /workspaces/shiny-telegram/servidor_minecraft/mods/Clumps-forge-1.20.1-12.0.0.4.jar
[23Jul2025 20:53:09.286] [main/DEBUG] [net.minecraftforge.fml.loading.moddiscovery.ModFileInfo/LOADING]: Found valid mod file Clumps-forge-1.20.1-12.0.0.4.jar with {clumps} mods - versions {12.0.0.4}
[23Jul2025 20:53:09.286] [main/DEBUG] [net.minecraftforge.fml.loading.moddiscovery.ModFileParser/LOADING]: Considering mod file candidate /workspaces/shiny-telegram/servidor_minecraft/mods/Controlling-forge-1.20.1-12.0.2.jar
[23Jul2025 20:53:09.287] [main/DEBUG] [net.minecraftforge.fml.loading.moddiscovery.ModFileInfo/LOADING]: Found valid mod file Controlling-forge-1.20.1-12.0.2.jar with {controlling} mods - versions {12.0.2}
[23Jul2025 20:53:09.288] [main/DEBUG] [net.minecraftforge.fml.loading.moddiscovery.ModFileParser/LOADING]: Considering mod file candidate /workspaces/shiny-telegram/servidor_minecraft/mods/embeddium-0.3.31+mc1.20.1.jar
[23Jul2025 20:53:09.290] [main/DEBUG] [net.minecraftforge.fml.loading.moddiscovery.ModFileInfo/LOADING]: Found valid mod file embeddium-0.3.31+mc1.20.1.jar with {embeddium,rubidium} mods - versions {0.3.31+mc1.20.1,0.7.1}
[23Jul2025 20:53:09.293] [main/DEBUG] [net.minecraftforge.fml.loading.moddiscovery.ModFileParser/LOADING]: Considering mod file candidate /workspaces/shiny-telegram/servidor_minecraft/mods/ferritecore-6.0.1-forge.jar
[23Jul2025 20:53:09.294] [main/DEBUG] [net.minecraftforge.fml.loading.moddiscovery.ModFileInfo/LOADING]: Found valid mod file ferritecore-6.0.1-forge.jar with {ferritecore} mods - versions {6.0.1}
[23Jul2025 20:53:09.295] [main/DEBUG] [net.minecraftforge.fml.loading.moddiscovery.ModFileParser/LOADING]: Considering mod file candidate /workspaces/shiny-telegram/servidor_minecraft/mods/geckolib-forge-1.20.1-4.7.3.jar
[23Jul2025 20:53:09.295] [main/DEBUG] [net.minecraftforge.fml.loading.moddiscovery.ModFileInfo/LOADING]: Found valid mod file geckolib-forge-1.20.1-4.7.3.jar with {geckolib} mods - versions {4.7.3}
[23Jul2025 20:53:09.296] [main/DEBUG] [net.minecraftforge.fml.loading.moddiscovery.ModFileParser/LOADING]: Considering mod file candidate /workspaces/shiny-telegram/servidor_minecraft/mods/Jade-1.20.1-Forge-11.13.1.jar
[23Jul2025 20:53:09.297] [main/DEBUG] [net.minecraftforge.fml.loading.moddiscovery.ModFileInfo/LOADING]: Found valid mod file Jade-1.20.1-Forge-11.13.1.jar with {jade} mods - versions {11.13.1+forge}
[23Jul2025 20:53:09.299] [main/DEBUG] [net.minecraftforge.fml.loading.moddiscovery.ModFileParser/LOADING]: Considering mod file candidate /workspaces/shiny-telegram/servidor_minecraft/mods/jcraft-forge-0.17.2.jar
[23Jul2025 20:53:09.300] [main/DEBUG] [net.minecraftforge.fml.loading.moddiscovery.ModFileInfo/LOADING]: Found valid mod file jcraft-forge-0.17.2.jar with {jcraft} mods - versions {0.17.2}
[23Jul2025 20:53:09.301] [main/DEBUG] [net.minecraftforge.fml.loading.moddiscovery.ModFileParser/LOADING]: Considering mod file candidate /workspaces/shiny-telegram/servidor_minecraft/mods/lodestone-1.20.1-1.6.4.1.jar
[23Jul2025 20:53:09.302] [main/DEBUG] [net.minecraftforge.fml.loading.moddiscovery.ModFileInfo/LOADING]: Found valid mod file lodestone-1.20.1-1.6.4.1.jar with {lodestone} mods - versions {1.20.1-1.6.4.1}
[23Jul2025 20:53:09.302] [main/DEBUG] [net.minecraftforge.fml.loading.moddiscovery.ModFileParser/LOADING]: Considering mod file candidate /workspaces/shiny-telegram/servidor_minecraft/mods/modernfix-forge-5.24.3+mc1.20.1.jar
[23Jul2025 20:53:09.304] [main/DEBUG] [net.minecraftforge.fml.loading.moddiscovery.ModFileInfo/LOADING]: Found valid mod file modernfix-forge-5.24.3+mc1.20.1.jar with {modernfix} mods - versions {5.24.3+mc1.20.1}
[23Jul2025 20:53:09.304] [main/DEBUG] [net.minecraftforge.fml.loading.moddiscovery.ModFileParser/LOADING]: Considering mod file candidate /workspaces/shiny-telegram/servidor_minecraft/mods/Pehkui-3.8.2+1.20.1-forge.jar
[23Jul2025 20:53:09.305] [main/DEBUG] [net.minecraftforge.fml.loading.moddiscovery.ModFileInfo/LOADING]: Found valid mod file Pehkui-3.8.2+1.20.1-forge.jar with {pehkui} mods - versions {3.8.2+1.20.1-forge}
[23Jul2025 20:53:09.306] [main/DEBUG] [net.minecraftforge.fml.loading.moddiscovery.ModFileParser/LOADING]: Considering mod file candidate /workspaces/shiny-telegram/servidor_minecraft/mods/player-animation-lib-forge-1.0.2-rc1+1.20.jar
[23Jul2025 20:53:09.307] [main/DEBUG] [net.minecraftforge.fml.loading.moddiscovery.ModFileInfo/LOADING]: Found valid mod file player-animation-lib-forge-1.0.2-rc1+1.20.jar with {playeranimator} mods - versions {1.0.2-rc1+1.20}
[23Jul2025 20:53:09.307] [main/DEBUG] [net.minecraftforge.fml.loading.moddiscovery.ModFileParser/LOADING]: Considering mod file candidate /workspaces/shiny-telegram/servidor_minecraft/mods/rubidium-extra-0.5.4.4+mc1.20.1-build.131.jar
[23Jul2025 20:53:09.310] [main/DEBUG] [net.minecraftforge.fml.loading.moddiscovery.ModFileInfo/LOADING]: Found valid mod file rubidium-extra-0.5.4.4+mc1.20.1-build.131.jar with {embeddium_extra} mods - versions {0.5.4.4+mc1.20.1-build.131}
[23Jul2025 20:53:09.311] [main/DEBUG] [net.minecraftforge.fml.loading.moddiscovery.ModFileParser/LOADING]: Considering mod file candidate /workspaces/shiny-telegram/servidor_minecraft/mods/Searchables-forge-1.20.1-1.0.3.jar
[23Jul2025 20:53:09.312] [main/DEBUG] [net.minecraftforge.fml.loading.moddiscovery.ModFileInfo/LOADING]: Found valid mod file Searchables-forge-1.20.1-1.0.3.jar with {searchables} mods - versions {1.0.3}
[23Jul2025 20:53:09.312] [main/DEBUG] [net.minecraftforge.fml.loading.moddiscovery.ModFileParser/LOADING]: Considering mod file candidate /workspaces/shiny-telegram/servidor_minecraft/mods/TerraBlender-forge-1.20.1-3.0.1.10.jar
[23Jul2025 20:53:09.313] [main/DEBUG] [net.minecraftforge.fml.loading.moddiscovery.ModFileInfo/LOADING]: Found valid mod file TerraBlender-forge-1.20.1-3.0.1.10.jar with {terrablender} mods - versions {3.0.1.10}
[23Jul2025 20:53:09.313] [main/DEBUG] [net.minecraftforge.fml.loading.moddiscovery.ModFileParser/LOADING]: Considering mod file candidate /workspaces/shiny-telegram/servidor_minecraft/mods/WhisperingSpirits-forge-1.20.1-v1.4.0.jar
[23Jul2025 20:53:09.314] [main/DEBUG] [net.minecraftforge.fml.loading.moddiscovery.ModFileInfo/LOADING]: Found valid mod file WhisperingSpirits-forge-1.20.1-v1.4.0.jar with {whispering_spirits} mods - versions {1.4.0}
[23Jul2025 20:53:09.654] [main/DEBUG] [net.minecraftforge.fml.loading.moddiscovery.ModFileInfo/LOADING]: Found valid mod file server-1.20.1-20230612.114412-srg.jar with {minecraft} mods - versions {1.20.1}
[23Jul2025 20:53:09.658] [main/DEBUG] [net.minecraftforge.fml.loading.moddiscovery.ModFileParser/LOADING]: Considering mod file candidate /workspaces/shiny-telegram/servidor_minecraft/libraries/net/minecraftforge/fmlcore/1.20.1-47.3.7/fmlcore-1.20.1-47.3.7.jar
[23Jul2025 20:53:09.658] [main/WARN] [net.minecraftforge.fml.loading.moddiscovery.ModFileParser/LOADING]: Mod file /workspaces/shiny-telegram/servidor_minecraft/libraries/net/minecraftforge/fmlcore/1.20.1-47.3.7/fmlcore-1.20.1-47.3.7.jar is missing mods.toml file
[23Jul2025 20:53:09.661] [main/DEBUG] [net.minecraftforge.fml.loading.moddiscovery.ModFileParser/LOADING]: Considering mod file candidate /workspaces/shiny-telegram/servidor_minecraft/libraries/net/minecraftforge/javafmllanguage/1.20.1-47.3.7/javafmllanguage-1.20.1-47.3.7.jar
[23Jul2025 20:53:09.661] [main/WARN] [net.minecraftforge.fml.loading.moddiscovery.ModFileParser/LOADING]: Mod file /workspaces/shiny-telegram/servidor_minecraft/libraries/net/minecraftforge/javafmllanguage/1.20.1-47.3.7/javafmllanguage-1.20.1-47.3.7.jar is missing mods.toml file
[23Jul2025 20:53:09.662] [main/DEBUG] [net.minecraftforge.fml.loading.moddiscovery.ModFileParser/LOADING]: Considering mod file candidate /workspaces/shiny-telegram/servidor_minecraft/libraries/net/minecraftforge/lowcodelanguage/1.20.1-47.3.7/lowcodelanguage-1.20.1-47.3.7.jar
[23Jul2025 20:53:09.662] [main/WARN] [net.minecraftforge.fml.loading.moddiscovery.ModFileParser/LOADING]: Mod file /workspaces/shiny-telegram/servidor_minecraft/libraries/net/minecraftforge/lowcodelanguage/1.20.1-47.3.7/lowcodelanguage-1.20.1-47.3.7.jar is missing mods.toml file
[23Jul2025 20:53:09.663] [main/DEBUG] [net.minecraftforge.fml.loading.moddiscovery.ModFileParser/LOADING]: Considering mod file candidate /workspaces/shiny-telegram/servidor_minecraft/libraries/net/minecraftforge/mclanguage/1.20.1-47.3.7/mclanguage-1.20.1-47.3.7.jar
[23Jul2025 20:53:09.663] [main/WARN] [net.minecraftforge.fml.loading.moddiscovery.ModFileParser/LOADING]: Mod file /workspaces/shiny-telegram/servidor_minecraft/libraries/net/minecraftforge/mclanguage/1.20.1-47.3.7/mclanguage-1.20.1-47.3.7.jar is missing mods.toml file
[23Jul2025 20:53:09.822] [main/DEBUG] [net.minecraftforge.fml.loading.moddiscovery.ModFileParser/LOADING]: Considering mod file candidate /workspaces/shiny-telegram/servidor_minecraft/libraries/net/minecraftforge/forge/1.20.1-47.3.7/forge-1.20.1-47.3.7-universal.jar
[23Jul2025 20:53:09.823] [main/DEBUG] [net.minecraftforge.fml.loading.moddiscovery.ModFileInfo/LOADING]: Found valid mod file forge-1.20.1-47.3.7-universal.jar with {forge} mods - versions {47.3.7}
[23Jul2025 20:53:09.835] [main/DEBUG] [net.minecraftforge.fml.loading.moddiscovery.AbstractJarFileDependencyLocator/]: Failed to load resource META-INF/jarjar/metadata.json from server-1.20.1-20230612.114412-srg.jar, it does not contain dependency information.
[23Jul2025 20:53:09.835] [main/DEBUG] [net.minecraftforge.fml.loading.moddiscovery.AbstractJarFileDependencyLocator/]: Failed to load resource META-INF/jarjar/metadata.json from TerraBlender-forge-1.20.1-3.0.1.10.jar, it does not contain dependency information.
[23Jul2025 20:53:09.836] [main/DEBUG] [net.minecraftforge.fml.loading.moddiscovery.AbstractJarFileDependencyLocator/]: Failed to load resource META-INF/jarjar/metadata.json from Jade-1.20.1-Forge-11.13.1.jar, it does not contain dependency information.
[23Jul2025 20:53:09.836] [main/DEBUG] [net.minecraftforge.fml.loading.moddiscovery.AbstractJarFileDependencyLocator/]: Failed to load resource META-INF/jarjar/metadata.json from WhisperingSpirits-forge-1.20.1-v1.4.0.jar, it does not contain dependency information.
[23Jul2025 20:53:09.836] [main/DEBUG] [net.minecraftforge.fml.loading.moddiscovery.AbstractJarFileDependencyLocator/]: Failed to load resource META-INF/jarjar/metadata.json from architectury-9.2.14-forge.jar, it does not contain dependency information.
[23Jul2025 20:53:09.836] [main/DEBUG] [net.minecraftforge.fml.loading.moddiscovery.AbstractJarFileDependencyLocator/]: Failed to load resource META-INF/jarjar/metadata.json from player-animation-lib-forge-1.0.2-rc1+1.20.jar, it does not contain dependency information.
[23Jul2025 20:53:09.836] [main/DEBUG] [net.minecraftforge.fml.loading.moddiscovery.AbstractJarFileDependencyLocator/]: Failed to load resource META-INF/jarjar/metadata.json from ferritecore-6.0.1-forge.jar, it does not contain dependency information.
[23Jul2025 20:53:09.836] [main/DEBUG] [net.minecraftforge.fml.loading.moddiscovery.AbstractJarFileDependencyLocator/]: Failed to load resource META-INF/jarjar/metadata.json from lodestone-1.20.1-1.6.4.1.jar, it does not contain dependency information.
[23Jul2025 20:53:09.837] [main/DEBUG] [net.minecraftforge.fml.loading.moddiscovery.AbstractJarFileDependencyLocator/]: Failed to load resource META-INF/jarjar/metadata.json from cloth-config-11.1.136-forge.jar, it does not contain dependency information.
[23Jul2025 20:53:09.837] [main/DEBUG] [net.minecraftforge.fml.loading.moddiscovery.AbstractJarFileDependencyLocator/]: Failed to load resource META-INF/jarjar/metadata.json from forge-1.20.1-47.3.7-universal.jar, it does not contain dependency information.
[23Jul2025 20:53:09.837] [main/DEBUG] [net.minecraftforge.fml.loading.moddiscovery.AbstractJarFileDependencyLocator/]: Failed to load resource META-INF/jarjar/metadata.json from Ash Of Sin-Soul Like Boss Battle-1.20.1-1.0.2.jar, it does not contain dependency information.
[23Jul2025 20:53:09.837] [main/DEBUG] [net.minecraftforge.fml.loading.moddiscovery.AbstractJarFileDependencyLocator/]: Failed to load resource META-INF/jarjar/metadata.json from Clumps-forge-1.20.1-12.0.0.4.jar, it does not contain dependency information.
[23Jul2025 20:53:09.838] [main/DEBUG] [net.minecraftforge.fml.loading.moddiscovery.AbstractJarFileDependencyLocator/]: Failed to load resource META-INF/jarjar/metadata.json from Controlling-forge-1.20.1-12.0.2.jar, it does not contain dependency information.
[23Jul2025 20:53:09.838] [main/DEBUG] [net.minecraftforge.fml.loading.moddiscovery.AbstractJarFileDependencyLocator/]: Failed to load resource META-INF/jarjar/metadata.json from Searchables-forge-1.20.1-1.0.3.jar, it does not contain dependency information.
[23Jul2025 20:53:09.838] [main/DEBUG] [net.minecraftforge.fml.loading.moddiscovery.AbstractJarFileDependencyLocator/]: Failed to load resource META-INF/jarjar/metadata.json from mclanguage-1.20.1-47.3.7.jar, it does not contain dependency information.
[23Jul2025 20:53:09.838] [main/DEBUG] [net.minecraftforge.fml.loading.moddiscovery.AbstractJarFileDependencyLocator/]: Failed to load resource META-INF/jarjar/metadata.json from javafmllanguage-1.20.1-47.3.7.jar, it does not contain dependency information.
[23Jul2025 20:53:09.838] [main/DEBUG] [net.minecraftforge.fml.loading.moddiscovery.AbstractJarFileDependencyLocator/]: Failed to load resource META-INF/jarjar/metadata.json from fmlcore-1.20.1-47.3.7.jar, it does not contain dependency information.
[23Jul2025 20:53:09.838] [main/DEBUG] [net.minecraftforge.fml.loading.moddiscovery.AbstractJarFileDependencyLocator/]: Failed to load resource META-INF/jarjar/metadata.json from lowcodelanguage-1.20.1-47.3.7.jar, it does not contain dependency information.
[23Jul2025 20:53:09.967] [main/DEBUG] [net.minecraftforge.fml.loading.moddiscovery.ModFileParser/LOADING]: Considering mod file candidate 
[23Jul2025 20:53:09.968] [main/DEBUG] [net.minecraftforge.fml.loading.moddiscovery.ModFileInfo/LOADING]: Found valid mod file mixinextras-forge-0.4.1.jar with {mixinextras} mods - versions {0.4.1}
[23Jul2025 20:53:09.973] [main/DEBUG] [net.minecraftforge.fml.loading.moddiscovery.ModFileParser/LOADING]: Considering mod file candidate 
[23Jul2025 20:53:09.973] [main/DEBUG] [net.minecraftforge.fml.loading.moddiscovery.ModFileInfo/LOADING]: Found valid mod file mixinextras-forge-0.3.6.jar with {mixinextras} mods - versions {0.3.6}
[23Jul2025 20:53:09.976] [main/DEBUG] [net.minecraftforge.fml.loading.moddiscovery.ModFileParser/LOADING]: Considering mod file candidate 
[23Jul2025 20:53:09.977] [main/DEBUG] [net.minecraftforge.fml.loading.moddiscovery.ModFileInfo/LOADING]: Found valid mod file mixinextras-forge-0.4.1.jar with {mixinextras} mods - versions {0.4.1}
[23Jul2025 20:53:09.979] [main/DEBUG] [net.minecraftforge.fml.loading.moddiscovery.ModFileParser/LOADING]: Considering mod file candidate 
[23Jul2025 20:53:09.980] [main/DEBUG] [net.minecraftforge.fml.loading.moddiscovery.ModFileInfo/LOADING]: Found valid mod file mixinextras-forge-0.4.1.jar with {mixinextras} mods - versions {0.4.1}
[23Jul2025 20:53:09.982] [main/DEBUG] [net.minecraftforge.fml.loading.moddiscovery.ModFileParser/LOADING]: Considering mod file candidate 
[23Jul2025 20:53:09.983] [main/DEBUG] [net.minecraftforge.fml.loading.moddiscovery.ModFileInfo/LOADING]: Found valid mod file mixinextras-forge-0.3.5.jar with {mixinextras} mods - versions {0.3.5}
[23Jul2025 20:53:09.989] [main/DEBUG] [net.minecraftforge.fml.loading.moddiscovery.ModFileParser/LOADING]: Considering mod file candidate 
[23Jul2025 20:53:09.990] [main/DEBUG] [net.minecraftforge.fml.loading.moddiscovery.ModFileInfo/LOADING]: Found valid mod file trimmed-1.20.1-2.1.4+forge.jar with {trimmed} mods - versions {2.1.4}
[23Jul2025 20:53:09.992] [main/DEBUG] [net.minecraftforge.fml.loading.moddiscovery.ModFileParser/LOADING]: Considering mod file candidate 
[23Jul2025 20:53:09.993] [main/DEBUG] [net.minecraftforge.fml.loading.moddiscovery.ModFileInfo/LOADING]: Found valid mod file mixinextras-forge-0.3.5.jar with {mixinextras} mods - versions {0.3.5}
[23Jul2025 20:53:09.995] [main/DEBUG] [net.minecraftforge.fml.loading.moddiscovery.ModFileParser/LOADING]: Considering mod file candidate 
[23Jul2025 20:53:09.995] [main/DEBUG] [net.minecraftforge.fml.loading.moddiscovery.ModFileInfo/LOADING]: Found valid mod file mixinextras-forge-0.2.0-beta.6.jar with {mixinextras} mods - versions {0.2.0-beta.6}
[23Jul2025 20:53:09.998] [main/DEBUG] [net.minecraftforge.fml.loading.moddiscovery.ModFileParser/LOADING]: Considering mod file candidate 
[23Jul2025 20:53:09.998] [main/DEBUG] [net.minecraftforge.fml.loading.moddiscovery.ModFileInfo/LOADING]: Found valid mod file spectrelib-forge-0.13.15+1.20.1.jar with {spectrelib} mods - versions {0.13.15+1.20.1}
[23Jul2025 20:53:10.007] [main/DEBUG] [net.minecraftforge.fml.loading.moddiscovery.AbstractJarFileDependencyLocator/]: Failed to load resource META-INF/jarjar/metadata.json from NanoLiveConfig-1.2.1.jar, it does not contain dependency information.
[23Jul2025 20:53:10.024] [main/DEBUG] [net.minecraftforge.fml.loading.moddiscovery.ModFileParser/LOADING]: Considering mod file candidate 
[23Jul2025 20:53:10.025] [main/DEBUG] [net.minecraftforge.fml.loading.moddiscovery.ModFileInfo/LOADING]: Found valid mod file mixinextras-forge-0.2.0-beta.9.jar with {mixinextras} mods - versions {0.2.0-beta.9}
[23Jul2025 20:53:10.031] [main/DEBUG] [net.minecraftforge.fml.loading.moddiscovery.AbstractJarFileDependencyLocator/]: Failed to load resource META-INF/jarjar/metadata.json from spectrelib-forge-0.13.15+1.20.1.jar, it does not contain dependency information.
[23Jul2025 20:53:10.032] [main/DEBUG] [net.minecraftforge.fml.loading.moddiscovery.AbstractJarFileDependencyLocator/]: Failed to load resource META-INF/jarjar/metadata.json from mclib-20.jar, it does not contain dependency information.
[23Jul2025 20:53:10.032] [main/DEBUG] [net.minecraftforge.fml.loading.moddiscovery.AbstractJarFileDependencyLocator/]: Failed to load resource META-INF/jarjar/metadata.json from MixinExtras-0.4.1.jar, it does not contain dependency information.
[23Jul2025 20:53:10.032] [main/DEBUG] [net.minecraftforge.fml.loading.moddiscovery.AbstractJarFileDependencyLocator/]: Failed to load resource META-INF/jarjar/metadata.json from MixinExtras-0.3.6.jar, it does not contain dependency information.
[23Jul2025 20:53:10.032] [main/DEBUG] [net.minecraftforge.fml.loading.moddiscovery.AbstractJarFileDependencyLocator/]: Failed to load resource META-INF/jarjar/metadata.json from MixinExtras-0.4.1.jar, it does not contain dependency information.
[23Jul2025 20:53:10.032] [main/DEBUG] [net.minecraftforge.fml.loading.moddiscovery.AbstractJarFileDependencyLocator/]: Failed to load resource META-INF/jarjar/metadata.json from MixinExtras-0.4.1.jar, it does not contain dependency information.
[23Jul2025 20:53:10.032] [main/DEBUG] [net.minecraftforge.fml.loading.moddiscovery.AbstractJarFileDependencyLocator/]: Failed to load resource META-INF/jarjar/metadata.json from MixinExtras-0.3.5.jar, it does not contain dependency information.
[23Jul2025 20:53:10.035] [main/DEBUG] [net.minecraftforge.fml.loading.moddiscovery.AbstractJarFileDependencyLocator/]: Failed to load resource META-INF/jarjar/metadata.json from MixinExtras-0.3.5.jar, it does not contain dependency information.
[23Jul2025 20:53:10.035] [main/DEBUG] [net.minecraftforge.fml.loading.moddiscovery.AbstractJarFileDependencyLocator/]: Failed to load resource META-INF/jarjar/metadata.json from MixinExtras-0.2.0-beta.6.jar, it does not contain dependency information.
[23Jul2025 20:53:10.036] [main/DEBUG] [net.minecraftforge.fml.loading.moddiscovery.AbstractJarFileDependencyLocator/]: Failed to load resource META-INF/jarjar/metadata.json from MixinExtras-0.2.0-beta.9.jar, it does not contain dependency information.
[23Jul2025 20:53:10.060] [main/DEBUG] [net.minecraftforge.fml.loading.moddiscovery.ModFileParser/LOADING]: Considering mod file candidate 
[23Jul2025 20:53:10.061] [main/DEBUG] [net.minecraftforge.fml.loading.moddiscovery.ModFileInfo/LOADING]: Found valid mod file trimmed-1.20.1-2.1.4+forge.jar with {trimmed} mods - versions {2.1.4}
[23Jul2025 20:53:10.067] [main/DEBUG] [net.minecraftforge.fml.loading.moddiscovery.ModFileParser/LOADING]: Considering mod file candidate 
[23Jul2025 20:53:10.067] [main/DEBUG] [net.minecraftforge.fml.loading.moddiscovery.ModFileInfo/LOADING]: Found valid mod file spectrelib-forge-0.13.15+1.20.1.jar with {spectrelib} mods - versions {0.13.15+1.20.1}
[23Jul2025 20:53:10.068] [main/DEBUG] [net.minecraftforge.fml.loading.moddiscovery.ModFileParser/LOADING]: Considering mod file candidate 
[23Jul2025 20:53:10.068] [main/DEBUG] [net.minecraftforge.fml.loading.moddiscovery.ModFileInfo/LOADING]: Found valid mod file mixinextras-forge-0.2.0-beta.9.jar with {mixinextras} mods - versions {0.2.0-beta.9}
[23Jul2025 20:53:10.069] [main/DEBUG] [net.minecraftforge.fml.loading.moddiscovery.ModFileParser/LOADING]: Considering mod file candidate 
[23Jul2025 20:53:10.070] [main/DEBUG] [net.minecraftforge.fml.loading.moddiscovery.ModFileInfo/LOADING]: Found valid mod file mixinextras-forge-0.4.1.jar with {mixinextras} mods - versions {0.4.1}
[23Jul2025 20:53:10.071] [main/WARN] [net.minecraftforge.jarjar.selection.JarSelector/]: Attempted to select two dependency jars from JarJar which have the same identification: Mod File:  and Mod File: . Using Mod File: 
[23Jul2025 20:53:10.073] [main/INFO] [net.minecraftforge.fml.loading.moddiscovery.JarInJarDependencyLocator/]: Found 6 dependencies adding them to mods collection
[23Jul2025 20:53:10.075] [main/DEBUG] [net.minecraftforge.fml.loading.moddiscovery.ModFileParser/LOADING]: Considering mod file candidate /workspaces/shiny-telegram/servidor_minecraft/mods/betterdays-1.20.1-3.1.1.1-FORGE.jar
[23Jul2025 20:53:10.075] [main/DEBUG] [net.minecraftforge.fml.loading.moddiscovery.ModFileInfo/LOADING]: Found valid mod file betterdays-1.20.1-3.1.1.1-FORGE.jar with {betterdays} mods - versions {1.20.1-3.1.1.1-FORGE}
[23Jul2025 20:53:10.078] [main/DEBUG] [net.minecraftforge.fml.loading.moddiscovery.ModFile/LOADING]: Loading mod file /workspaces/shiny-telegram/servidor_minecraft/mods/betterdays-1.20.1-3.1.1.1-FORGE.jar with languages [LanguageSpec[languageName=javafml, acceptedVersions=[46,)]]
[23Jul2025 20:53:10.079] [main/DEBUG] [net.minecraftforge.fml.loading.moddiscovery.ModFileInfo/LOADING]: Found valid mod file server-1.20.1-20230612.114412-srg.jar with {minecraft} mods - versions {1.20.1}
[23Jul2025 20:53:10.079] [main/DEBUG] [net.minecraftforge.fml.loading.moddiscovery.ModFile/LOADING]: Loading mod file /workspaces/shiny-telegram/servidor_minecraft/libraries/net/minecraft/server/1.20.1-20230612.114412/server-1.20.1-20230612.114412-srg.jar with languages [LanguageSpec[languageName=minecraft, acceptedVersions=1]]
[23Jul2025 20:53:10.079] [main/DEBUG] [net.minecraftforge.fml.loading.moddiscovery.ModFileParser/LOADING]: Considering mod file candidate /workspaces/shiny-telegram/servidor_minecraft/mods/TerraBlender-forge-1.20.1-3.0.1.10.jar
[23Jul2025 20:53:10.080] [main/DEBUG] [net.minecraftforge.fml.loading.moddiscovery.ModFileInfo/LOADING]: Found valid mod file TerraBlender-forge-1.20.1-3.0.1.10.jar with {terrablender} mods - versions {3.0.1.10}
[23Jul2025 20:53:10.080] [main/DEBUG] [net.minecraftforge.fml.loading.moddiscovery.ModFile/LOADING]: Loading mod file /workspaces/shiny-telegram/servidor_minecraft/mods/TerraBlender-forge-1.20.1-3.0.1.10.jar with languages [LanguageSpec[languageName=javafml, acceptedVersions=[47,)]]
[23Jul2025 20:53:10.080] [main/DEBUG] [net.minecraftforge.fml.loading.moddiscovery.ModFileParser/LOADING]: Considering mod file candidate /workspaces/shiny-telegram/servidor_minecraft/mods/Jade-1.20.1-Forge-11.13.1.jar
[23Jul2025 20:53:10.081] [main/DEBUG] [net.minecraftforge.fml.loading.moddiscovery.ModFileInfo/LOADING]: Found valid mod file Jade-1.20.1-Forge-11.13.1.jar with {jade} mods - versions {11.13.1+forge}
[23Jul2025 20:53:10.081] [main/DEBUG] [net.minecraftforge.fml.loading.moddiscovery.ModFile/LOADING]: Loading mod file /workspaces/shiny-telegram/servidor_minecraft/mods/Jade-1.20.1-Forge-11.13.1.jar with languages [LanguageSpec[languageName=javafml, acceptedVersions=[46,)]]
[23Jul2025 20:53:10.081] [main/DEBUG] [net.minecraftforge.fml.loading.moddiscovery.ModFileParser/LOADING]: Considering mod file candidate /workspaces/shiny-telegram/servidor_minecraft/mods/geckolib-forge-1.20.1-4.7.3.jar
[23Jul2025 20:53:10.081] [main/DEBUG] [net.minecraftforge.fml.loading.moddiscovery.ModFileInfo/LOADING]: Found valid mod file geckolib-forge-1.20.1-4.7.3.jar with {geckolib} mods - versions {4.7.3}
[23Jul2025 20:53:10.082] [main/DEBUG] [net.minecraftforge.fml.loading.moddiscovery.ModFile/LOADING]: Loading mod file /workspaces/shiny-telegram/servidor_minecraft/mods/geckolib-forge-1.20.1-4.7.3.jar with languages [LanguageSpec[languageName=javafml, acceptedVersions=[47,)]]
[23Jul2025 20:53:10.082] [main/DEBUG] [net.minecraftforge.fml.loading.moddiscovery.ModFileParser/LOADING]: Considering mod file candidate /workspaces/shiny-telegram/servidor_minecraft/mods/WhisperingSpirits-forge-1.20.1-v1.4.0.jar
[23Jul2025 20:53:10.082] [main/DEBUG] [net.minecraftforge.fml.loading.moddiscovery.ModFileInfo/LOADING]: Found valid mod file WhisperingSpirits-forge-1.20.1-v1.4.0.jar with {whispering_spirits} mods - versions {1.4.0}
[23Jul2025 20:53:10.082] [main/DEBUG] [net.minecraftforge.fml.loading.moddiscovery.ModFile/LOADING]: Loading mod file /workspaces/shiny-telegram/servidor_minecraft/mods/WhisperingSpirits-forge-1.20.1-v1.4.0.jar with languages [LanguageSpec[languageName=javafml, acceptedVersions=[47,)]]
[23Jul2025 20:53:10.082] [main/DEBUG] [net.minecraftforge.fml.loading.moddiscovery.ModFileParser/LOADING]: Considering mod file candidate /workspaces/shiny-telegram/servidor_minecraft/mods/player-animation-lib-forge-1.0.2-rc1+1.20.jar
[23Jul2025 20:53:10.083] [main/DEBUG] [net.minecraftforge.fml.loading.moddiscovery.ModFileInfo/LOADING]: Found valid mod file player-animation-lib-forge-1.0.2-rc1+1.20.jar with {playeranimator} mods - versions {1.0.2-rc1+1.20}
[23Jul2025 20:53:10.083] [main/DEBUG] [net.minecraftforge.fml.loading.moddiscovery.ModFile/LOADING]: Loading mod file /workspaces/shiny-telegram/servidor_minecraft/mods/player-animation-lib-forge-1.0.2-rc1+1.20.jar with languages [LanguageSpec[languageName=javafml, acceptedVersions=[46.0.0,)]]
[23Jul2025 20:53:10.083] [main/DEBUG] [net.minecraftforge.fml.loading.moddiscovery.ModFileParser/LOADING]: Considering mod file candidate 
[23Jul2025 20:53:10.083] [main/DEBUG] [net.minecraftforge.fml.loading.moddiscovery.ModFileInfo/LOADING]: Found valid mod file spectrelib-forge-0.13.15+1.20.1.jar with {spectrelib} mods - versions {0.13.15+1.20.1}
[23Jul2025 20:53:10.084] [main/DEBUG] [net.minecraftforge.fml.loading.moddiscovery.ModFile/LOADING]: Loading mod file  with languages [LanguageSpec[languageName=javafml, acceptedVersions=[41,)]]
[23Jul2025 20:53:10.084] [main/DEBUG] [net.minecraftforge.fml.loading.moddiscovery.ModFileParser/LOADING]: Considering mod file candidate /workspaces/shiny-telegram/servidor_minecraft/mods/Pehkui-3.8.2+1.20.1-forge.jar
[23Jul2025 20:53:10.084] [main/DEBUG] [net.minecraftforge.fml.loading.moddiscovery.ModFileInfo/LOADING]: Found valid mod file Pehkui-3.8.2+1.20.1-forge.jar with {pehkui} mods - versions {3.8.2+1.20.1-forge}
[23Jul2025 20:53:10.084] [main/DEBUG] [net.minecraftforge.fml.loading.moddiscovery.ModFile/LOADING]: Loading mod file /workspaces/shiny-telegram/servidor_minecraft/mods/Pehkui-3.8.2+1.20.1-forge.jar with languages [LanguageSpec[languageName=javafml, acceptedVersions=[28,)]]
[23Jul2025 20:53:10.084] [main/DEBUG] [net.minecraftforge.fml.loading.moddiscovery.ModFileParser/LOADING]: Considering mod file candidate /workspaces/shiny-telegram/servidor_minecraft/mods/Clumps-forge-1.20.1-12.0.0.4.jar
[23Jul2025 20:53:10.085] [main/DEBUG] [net.minecraftforge.fml.loading.moddiscovery.ModFileInfo/LOADING]: Found valid mod file Clumps-forge-1.20.1-12.0.0.4.jar with {clumps} mods - versions {12.0.0.4}
[23Jul2025 20:53:10.085] [main/DEBUG] [net.minecraftforge.fml.loading.moddiscovery.ModFile/LOADING]: Loading mod file /workspaces/shiny-telegram/servidor_minecraft/mods/Clumps-forge-1.20.1-12.0.0.4.jar with languages [LanguageSpec[languageName=javafml, acceptedVersions=[41,)]]
[23Jul2025 20:53:10.085] [main/DEBUG] [net.minecraftforge.fml.loading.moddiscovery.ModFileParser/LOADING]: Considering mod file candidate /workspaces/shiny-telegram/servidor_minecraft/mods/Controlling-forge-1.20.1-12.0.2.jar
[23Jul2025 20:53:10.085] [main/DEBUG] [net.minecraftforge.fml.loading.moddiscovery.ModFileInfo/LOADING]: Found valid mod file Controlling-forge-1.20.1-12.0.2.jar with {controlling} mods - versions {12.0.2}
[23Jul2025 20:53:10.086] [main/DEBUG] [net.minecraftforge.fml.loading.moddiscovery.ModFile/LOADING]: Loading mod file /workspaces/shiny-telegram/servidor_minecraft/mods/Controlling-forge-1.20.1-12.0.2.jar with languages [LanguageSpec[languageName=javafml, acceptedVersions=[41,)]]
[23Jul2025 20:53:10.086] [main/DEBUG] [net.minecraftforge.fml.loading.moddiscovery.ModFileParser/LOADING]: Considering mod file candidate /workspaces/shiny-telegram/servidor_minecraft/mods/modernfix-forge-5.24.3+mc1.20.1.jar
[23Jul2025 20:53:10.086] [main/DEBUG] [net.minecraftforge.fml.loading.moddiscovery.ModFileInfo/LOADING]: Found valid mod file modernfix-forge-5.24.3+mc1.20.1.jar with {modernfix} mods - versions {5.24.3+mc1.20.1}
[23Jul2025 20:53:10.086] [main/DEBUG] [net.minecraftforge.fml.loading.moddiscovery.ModFile/LOADING]: Loading mod file /workspaces/shiny-telegram/servidor_minecraft/mods/modernfix-forge-5.24.3+mc1.20.1.jar with languages [LanguageSpec[languageName=javafml, acceptedVersions=[46,)]]
[23Jul2025 20:53:10.087] [main/DEBUG] [net.minecraftforge.fml.loading.moddiscovery.ModFileParser/LOADING]: Considering mod file candidate /workspaces/shiny-telegram/servidor_minecraft/mods/Searchables-forge-1.20.1-1.0.3.jar
[23Jul2025 20:53:10.087] [main/DEBUG] [net.minecraftforge.fml.loading.moddiscovery.ModFileInfo/LOADING]: Found valid mod file Searchables-forge-1.20.1-1.0.3.jar with {searchables} mods - versions {1.0.3}
[23Jul2025 20:53:10.087] [main/DEBUG] [net.minecraftforge.fml.loading.moddiscovery.ModFile/LOADING]: Loading mod file /workspaces/shiny-telegram/servidor_minecraft/mods/Searchables-forge-1.20.1-1.0.3.jar with languages [LanguageSpec[languageName=javafml, acceptedVersions=[41,)]]
[23Jul2025 20:53:10.087] [main/DEBUG] [net.minecraftforge.fml.loading.moddiscovery.ModFileParser/LOADING]: Considering mod file candidate /workspaces/shiny-telegram/servidor_minecraft/mods/architectury-9.2.14-forge.jar
[23Jul2025 20:53:10.088] [main/DEBUG] [net.minecraftforge.fml.loading.moddiscovery.ModFileInfo/LOADING]: Found valid mod file architectury-9.2.14-forge.jar with {architectury} mods - versions {9.2.14}
[23Jul2025 20:53:10.088] [main/DEBUG] [net.minecraftforge.fml.loading.moddiscovery.ModFile/LOADING]: Loading mod file /workspaces/shiny-telegram/servidor_minecraft/mods/architectury-9.2.14-forge.jar with languages [LanguageSpec[languageName=javafml, acceptedVersions=[46,)]]
[23Jul2025 20:53:10.088] [main/DEBUG] [net.minecraftforge.fml.loading.moddiscovery.ModFileParser/LOADING]: Considering mod file candidate /workspaces/shiny-telegram/servidor_minecraft/mods/ferritecore-6.0.1-forge.jar
[23Jul2025 20:53:10.088] [main/DEBUG] [net.minecraftforge.fml.loading.moddiscovery.ModFileInfo/LOADING]: Found valid mod file ferritecore-6.0.1-forge.jar with {ferritecore} mods - versions {6.0.1}
[23Jul2025 20:53:10.088] [main/DEBUG] [net.minecraftforge.fml.loading.moddiscovery.ModFile/LOADING]: Loading mod file /workspaces/shiny-telegram/servidor_minecraft/mods/ferritecore-6.0.1-forge.jar with languages [LanguageSpec[languageName=javafml, acceptedVersions=[28,)]]
[23Jul2025 20:53:10.089] [main/DEBUG] [net.minecraftforge.fml.loading.moddiscovery.ModFileParser/LOADING]: Considering mod file candidate /workspaces/shiny-telegram/servidor_minecraft/mods/rubidium-extra-0.5.4.4+mc1.20.1-build.131.jar
[23Jul2025 20:53:10.089] [main/DEBUG] [net.minecraftforge.fml.loading.moddiscovery.ModFileInfo/LOADING]: Found valid mod file rubidium-extra-0.5.4.4+mc1.20.1-build.131.jar with {embeddium_extra} mods - versions {0.5.4.4+mc1.20.1-build.131}
[23Jul2025 20:53:10.089] [main/DEBUG] [net.minecraftforge.fml.loading.moddiscovery.ModFile/LOADING]: Loading mod file /workspaces/shiny-telegram/servidor_minecraft/mods/rubidium-extra-0.5.4.4+mc1.20.1-build.131.jar with languages [LanguageSpec[languageName=javafml, acceptedVersions=*]]
[23Jul2025 20:53:10.089] [main/DEBUG] [net.minecraftforge.fml.loading.moddiscovery.ModFileParser/LOADING]: Considering mod file candidate /workspaces/shiny-telegram/servidor_minecraft/mods/azurelib-neo-1.20.1-3.0.9.jar
[23Jul2025 20:53:10.090] [main/DEBUG] [net.minecraftforge.fml.loading.moddiscovery.ModFileInfo/LOADING]: Found valid mod file azurelib-neo-1.20.1-3.0.9.jar with {azurelib} mods - versions {3.0.9}
[23Jul2025 20:53:10.090] [main/DEBUG] [net.minecraftforge.fml.loading.moddiscovery.ModFile/LOADING]: Loading mod file /workspaces/shiny-telegram/servidor_minecraft/mods/azurelib-neo-1.20.1-3.0.9.jar with languages [LanguageSpec[languageName=javafml, acceptedVersions=[47,)]]
[23Jul2025 20:53:10.090] [main/DEBUG] [net.minecraftforge.fml.loading.moddiscovery.ModFileParser/LOADING]: Considering mod file candidate /workspaces/shiny-telegram/servidor_minecraft/mods/carryon-forge-1.20.1-2.1.2.7.jar
[23Jul2025 20:53:10.091] [main/DEBUG] [net.minecraftforge.fml.loading.moddiscovery.ModFileInfo/LOADING]: Found valid mod file carryon-forge-1.20.1-2.1.2.7.jar with {carryon} mods - versions {2.1.2.7}
[23Jul2025 20:53:10.091] [main/DEBUG] [net.minecraftforge.fml.loading.moddiscovery.ModFile/LOADING]: Loading mod file /workspaces/shiny-telegram/servidor_minecraft/mods/carryon-forge-1.20.1-2.1.2.7.jar with languages [LanguageSpec[languageName=javafml, acceptedVersions=[46,)]]
[23Jul2025 20:53:10.091] [main/DEBUG] [net.minecraftforge.fml.loading.moddiscovery.ModFileParser/LOADING]: Considering mod file candidate /workspaces/shiny-telegram/servidor_minecraft/mods/cloth-config-11.1.136-forge.jar
[23Jul2025 20:53:10.091] [main/DEBUG] [net.minecraftforge.fml.loading.moddiscovery.ModFileInfo/LOADING]: Found valid mod file cloth-config-11.1.136-forge.jar with {cloth_config} mods - versions {11.1.136}
[23Jul2025 20:53:10.091] [main/DEBUG] [net.minecraftforge.fml.loading.moddiscovery.ModFile/LOADING]: Loading mod file /workspaces/shiny-telegram/servidor_minecraft/mods/cloth-config-11.1.136-forge.jar with languages [LanguageSpec[languageName=javafml, acceptedVersions=[34,)]]
[23Jul2025 20:53:10.091] [main/DEBUG] [net.minecraftforge.fml.loading.moddiscovery.ModFileParser/LOADING]: Considering mod file candidate /workspaces/shiny-telegram/servidor_minecraft/mods/lodestone-1.20.1-1.6.4.1.jar
[23Jul2025 20:53:10.092] [main/DEBUG] [net.minecraftforge.fml.loading.moddiscovery.ModFileInfo/LOADING]: Found valid mod file lodestone-1.20.1-1.6.4.1.jar with {lodestone} mods - versions {1.20.1-1.6.4.1}
[23Jul2025 20:53:10.092] [main/DEBUG] [net.minecraftforge.fml.loading.moddiscovery.ModFile/LOADING]: Loading mod file /workspaces/shiny-telegram/servidor_minecraft/mods/lodestone-1.20.1-1.6.4.1.jar with languages [LanguageSpec[languageName=javafml, acceptedVersions=[47,)]]
[23Jul2025 20:53:10.092] [main/DEBUG] [net.minecraftforge.fml.loading.moddiscovery.ModFileParser/LOADING]: Considering mod file candidate /workspaces/shiny-telegram/servidor_minecraft/libraries/net/minecraftforge/forge/1.20.1-47.3.7/forge-1.20.1-47.3.7-universal.jar
[23Jul2025 20:53:10.093] [main/DEBUG] [net.minecraftforge.fml.loading.moddiscovery.ModFileInfo/LOADING]: Found valid mod file forge-1.20.1-47.3.7-universal.jar with {forge} mods - versions {47.3.7}
[23Jul2025 20:53:10.093] [main/DEBUG] [net.minecraftforge.fml.loading.moddiscovery.ModFile/LOADING]: Loading mod file /workspaces/shiny-telegram/servidor_minecraft/libraries/net/minecraftforge/forge/1.20.1-47.3.7/forge-1.20.1-47.3.7-universal.jar with languages [LanguageSpec[languageName=javafml, acceptedVersions=[24,]]]
[23Jul2025 20:53:10.094] [main/DEBUG] [net.minecraftforge.fml.loading.moddiscovery.ModFileParser/LOADING]: Found coremod field_to_method with Javascript path coremods/field_to_method.js
[23Jul2025 20:53:10.095] [main/DEBUG] [net.minecraftforge.fml.loading.moddiscovery.ModFileParser/LOADING]: Found coremod field_to_instanceof with Javascript path coremods/field_to_instanceof.js
[23Jul2025 20:53:10.095] [main/DEBUG] [net.minecraftforge.fml.loading.moddiscovery.ModFileParser/LOADING]: Found coremod add_bouncer_method with Javascript path coremods/add_bouncer_method.js
[23Jul2025 20:53:10.095] [main/DEBUG] [net.minecraftforge.fml.loading.moddiscovery.ModFileParser/LOADING]: Found coremod method_redirector with Javascript path coremods/method_redirector.js
[23Jul2025 20:53:10.095] [main/DEBUG] [net.minecraftforge.fml.loading.moddiscovery.ModFile/LOADING]: Found coremod coremods/field_to_method.js
[23Jul2025 20:53:10.095] [main/DEBUG] [net.minecraftforge.fml.loading.moddiscovery.ModFile/LOADING]: Found coremod coremods/field_to_instanceof.js
[23Jul2025 20:53:10.095] [main/DEBUG] [net.minecraftforge.fml.loading.moddiscovery.ModFile/LOADING]: Found coremod coremods/add_bouncer_method.js
[23Jul2025 20:53:10.095] [main/DEBUG] [net.minecraftforge.fml.loading.moddiscovery.ModFile/LOADING]: Found coremod coremods/method_redirector.js
[23Jul2025 20:53:10.095] [main/DEBUG] [net.minecraftforge.fml.loading.moddiscovery.ModFileParser/LOADING]: Considering mod file candidate /workspaces/shiny-telegram/servidor_minecraft/mods/Ash Of Sin-Soul Like Boss Battle-1.20.1-1.0.2.jar
[23Jul2025 20:53:10.096] [main/DEBUG] [net.minecraftforge.fml.loading.moddiscovery.ModFileInfo/LOADING]: Found valid mod file Ash Of Sin-Soul Like Boss Battle-1.20.1-1.0.2.jar with {ash_of_sin_soul_like_boss_battle} mods - versions {1.0.2}
[23Jul2025 20:53:10.096] [main/DEBUG] [net.minecraftforge.fml.loading.moddiscovery.ModFile/LOADING]: Loading mod file /workspaces/shiny-telegram/servidor_minecraft/mods/Ash Of Sin-Soul Like Boss Battle-1.20.1-1.0.2.jar with languages [LanguageSpec[languageName=javafml, acceptedVersions=[47,)]]
[23Jul2025 20:53:10.096] [main/DEBUG] [net.minecraftforge.fml.loading.moddiscovery.ModFileParser/LOADING]: Considering mod file candidate /workspaces/shiny-telegram/servidor_minecraft/mods/embeddium-0.3.31+mc1.20.1.jar
[23Jul2025 20:53:10.097] [main/DEBUG] [net.minecraftforge.fml.loading.moddiscovery.ModFileInfo/LOADING]: Found valid mod file embeddium-0.3.31+mc1.20.1.jar with {embeddium,rubidium} mods - versions {0.3.31+mc1.20.1,0.7.1}
[23Jul2025 20:53:10.097] [main/DEBUG] [net.minecraftforge.fml.loading.moddiscovery.ModFile/LOADING]: Loading mod file /workspaces/shiny-telegram/servidor_minecraft/mods/embeddium-0.3.31+mc1.20.1.jar with languages [LanguageSpec[languageName=javafml, acceptedVersions=[47,)]]
[23Jul2025 20:53:10.097] [main/DEBUG] [net.minecraftforge.fml.loading.moddiscovery.ModFileParser/LOADING]: Considering mod file candidate 
[23Jul2025 20:53:10.097] [main/DEBUG] [net.minecraftforge.fml.loading.moddiscovery.ModFileInfo/LOADING]: Found valid mod file trimmed-1.20.1-2.1.4+forge.jar with {trimmed} mods - versions {2.1.4}
[23Jul2025 20:53:10.098] [main/DEBUG] [net.minecraftforge.fml.loading.moddiscovery.ModFile/LOADING]: Loading mod file  with languages [LanguageSpec[languageName=javafml, acceptedVersions=[47,)]]
[23Jul2025 20:53:10.098] [main/DEBUG] [net.minecraftforge.fml.loading.moddiscovery.ModFileParser/LOADING]: Considering mod file candidate /workspaces/shiny-telegram/servidor_minecraft/mods/jcraft-forge-0.17.2.jar
[23Jul2025 20:53:10.098] [main/DEBUG] [net.minecraftforge.fml.loading.moddiscovery.ModFileInfo/LOADING]: Found valid mod file jcraft-forge-0.17.2.jar with {jcraft} mods - versions {0.17.2}
[23Jul2025 20:53:10.098] [main/DEBUG] [net.minecraftforge.fml.loading.moddiscovery.ModFile/LOADING]: Loading mod file /workspaces/shiny-telegram/servidor_minecraft/mods/jcraft-forge-0.17.2.jar with languages [LanguageSpec[languageName=javafml, acceptedVersions=[47,)]]
[23Jul2025 20:53:10.098] [main/DEBUG] [net.minecraftforge.fml.loading.moddiscovery.ModFile/LOADING]: Loading mod file  with languages []
[23Jul2025 20:53:10.099] [main/DEBUG] [net.minecraftforge.fml.loading.moddiscovery.ModFile/LOADING]: Loading mod file  with languages []
[23Jul2025 20:53:10.099] [main/DEBUG] [net.minecraftforge.fml.loading.moddiscovery.ModFileParser/LOADING]: Considering mod file candidate 
[23Jul2025 20:53:10.099] [main/DEBUG] [net.minecraftforge.fml.loading.moddiscovery.ModFileInfo/LOADING]: Found valid mod file mixinextras-forge-0.2.0-beta.9.jar with {mixinextras} mods - versions {0.2.0-beta.9}
[23Jul2025 20:53:10.099] [main/DEBUG] [net.minecraftforge.fml.loading.moddiscovery.ModFile/LOADING]: Loading mod file  with languages [LanguageSpec[languageName=javafml, acceptedVersions=*]]
[23Jul2025 20:53:10.099] [main/DEBUG] [net.minecraftforge.fml.loading.moddiscovery.ModFile/LOADING]: Loading mod file  with languages []
[23Jul2025 20:53:10.099] [main/DEBUG] [net.minecraftforge.fml.loading.moddiscovery.ModFile/LOADING]: Loading mod file  with languages []
[23Jul2025 20:53:10.100] [main/DEBUG] [net.minecraftforge.fml.loading.moddiscovery.ModFile/LOADING]: Loading mod file  with languages []
[23Jul2025 20:53:10.100] [main/DEBUG] [net.minecraftforge.fml.loading.moddiscovery.ModFileParser/LOADING]: Considering mod file candidate 
[23Jul2025 20:53:10.100] [main/DEBUG] [net.minecraftforge.fml.loading.moddiscovery.ModFileInfo/LOADING]: Found valid mod file mixinextras-forge-0.2.0-beta.9.jar with {mixinextras} mods - versions {0.2.0-beta.9}
[23Jul2025 20:53:10.100] [main/DEBUG] [net.minecraftforge.fml.loading.moddiscovery.ModFile/LOADING]: Loading mod file  with languages [LanguageSpec[languageName=javafml, acceptedVersions=*]]
[23Jul2025 20:53:10.100] [main/DEBUG] [net.minecraftforge.fml.loading.moddiscovery.ModFile/LOADING]: Loading mod file  with languages []
[23Jul2025 20:53:10.101] [main/DEBUG] [cpw.mods.modlauncher.TransformationServiceDecorator/MODLAUNCHER]: End scan trigger - transformation service fml
[23Jul2025 20:53:10.108] [main/DEBUG] [net.minecraftforge.fml.loading.LanguageLoadingProvider/CORE]: Found 3 language providers
[23Jul2025 20:53:10.109] [main/DEBUG] [net.minecraftforge.fml.loading.LanguageLoadingProvider/CORE]: Found language provider minecraft, version 1.0
[23Jul2025 20:53:10.109] [main/DEBUG] [net.minecraftforge.fml.loading.LanguageLoadingProvider/CORE]: Found language provider lowcodefml, version 47
[23Jul2025 20:53:10.109] [main/DEBUG] [net.minecraftforge.fml.loading.LanguageLoadingProvider/CORE]: Found language provider javafml, version 47
[23Jul2025 20:53:10.113] [main/DEBUG] [net.minecraftforge.fml.loading.UniqueModListBuilder/]: Found 2 mods for first modid mclib, selecting most recent based on version data
[23Jul2025 20:53:10.113] [main/DEBUG] [net.minecraftforge.fml.loading.UniqueModListBuilder/]: Selected file mclib-20.jar for modid mclib with version 0.0NONE
[23Jul2025 20:53:10.113] [main/DEBUG] [net.minecraftforge.fml.loading.UniqueModListBuilder/]: Found 2 mods for first modid NanoLiveConfig, selecting most recent based on version data
[23Jul2025 20:53:10.113] [main/DEBUG] [net.minecraftforge.fml.loading.UniqueModListBuilder/]: Selected file NanoLiveConfig-1.2.1.jar for modid NanoLiveConfig with version 0.0NONE
[23Jul2025 20:53:10.114] [main/DEBUG] [net.minecraftforge.fml.loading.UniqueModListBuilder/]: Found 2 mods for first modid mixinextras, selecting most recent based on version data
[23Jul2025 20:53:10.114] [main/DEBUG] [net.minecraftforge.fml.loading.UniqueModListBuilder/]: Selected file mixinextras-forge-0.2.0-beta.9.jar for modid mixinextras with version 0.2.0-beta.9
[23Jul2025 20:53:10.114] [main/DEBUG] [net.minecraftforge.fml.loading.UniqueModListBuilder/]: Found 2 mods for first modid MixinExtras, selecting most recent based on version data
[23Jul2025 20:53:10.114] [main/DEBUG] [net.minecraftforge.fml.loading.UniqueModListBuilder/]: Selected file MixinExtras-0.4.1.jar for modid MixinExtras with version 0.0NONE
[23Jul2025 20:53:10.115] [main/DEBUG] [net.minecraftforge.fml.loading.ModSorter/]: Configured system mods: [minecraft, forge]
[23Jul2025 20:53:10.115] [main/DEBUG] [net.minecraftforge.fml.loading.ModSorter/]: Found system mod: minecraft
[23Jul2025 20:53:10.115] [main/DEBUG] [net.minecraftforge.fml.loading.ModSorter/]: Found system mod: forge
[23Jul2025 20:53:10.117] [main/DEBUG] [net.minecraftforge.fml.loading.ModSorter/LOADING]: Found 35 mod requirements (35 mandatory, 0 optional)
[23Jul2025 20:53:10.118] [main/DEBUG] [net.minecraftforge.fml.loading.ModSorter/LOADING]: Found 0 mod requirements missing (0 mandatory, 0 optional)
[23Jul2025 20:53:10.769] [main/DEBUG] [cpw.mods.modlauncher.TransformationServicesHandler/MODLAUNCHER]: Transformation services loading transformers
[23Jul2025 20:53:10.770] [main/DEBUG] [cpw.mods.modlauncher.TransformationServiceDecorator/MODLAUNCHER]: Initializing transformers for transformation service mixin
[23Jul2025 20:53:10.771] [main/DEBUG] [cpw.mods.modlauncher.TransformationServiceDecorator/MODLAUNCHER]: Initialized transformers for transformation service mixin
[23Jul2025 20:53:10.771] [main/DEBUG] [cpw.mods.modlauncher.TransformationServiceDecorator/MODLAUNCHER]: Initializing transformers for transformation service fml
[23Jul2025 20:53:10.771] [main/DEBUG] [net.minecraftforge.fml.loading.FMLServiceProvider/CORE]: Loading coremod transformers
[23Jul2025 20:53:10.771] [main/DEBUG] [net.minecraftforge.coremod.CoreModEngine/COREMOD]: Loading CoreMod from coremods/field_to_method.js
[23Jul2025 20:53:11.168] [main/DEBUG] [net.minecraftforge.coremod.CoreModEngine/COREMOD]: CoreMod loaded successfully
[23Jul2025 20:53:11.168] [main/DEBUG] [net.minecraftforge.coremod.CoreModEngine/COREMOD]: Loading CoreMod from coremods/field_to_instanceof.js
[23Jul2025 20:53:11.223] [main/DEBUG] [net.minecraftforge.coremod.CoreModEngine/COREMOD]: CoreMod loaded successfully
[23Jul2025 20:53:11.223] [main/DEBUG] [net.minecraftforge.coremod.CoreModEngine/COREMOD]: Loading CoreMod from coremods/add_bouncer_method.js
[23Jul2025 20:53:11.252] [main/DEBUG] [net.minecraftforge.coremod.CoreModEngine/COREMOD]: CoreMod loaded successfully
[23Jul2025 20:53:11.252] [main/DEBUG] [net.minecraftforge.coremod.CoreModEngine/COREMOD]: Loading CoreMod from coremods/method_redirector.js
[23Jul2025 20:53:11.299] [main/DEBUG] [net.minecraftforge.coremod.CoreModEngine/COREMOD]: CoreMod loaded successfully
[23Jul2025 20:53:11.307] [main/DEBUG] [cpw.mods.modlauncher.TransformStore/MODLAUNCHER]: Adding transformer net.minecraftforge.coremod.transformer.CoreModClassTransformer@f1f7db2 to Target : CLASS {Lnet/minecraft/world/level/biome/Biome;} {} {V}
[23Jul2025 20:53:11.308] [main/DEBUG] [cpw.mods.modlauncher.TransformStore/MODLAUNCHER]: Adding transformer net.minecraftforge.coremod.transformer.CoreModClassTransformer@2bfb583b to Target : CLASS {Lnet/minecraft/world/level/levelgen/structure/Structure;} {} {V}
[23Jul2025 20:53:11.308] [main/DEBUG] [cpw.mods.modlauncher.TransformStore/MODLAUNCHER]: Adding transformer net.minecraftforge.coremod.transformer.CoreModClassTransformer@73ae0257 to Target : CLASS {Lnet/minecraft/world/effect/MobEffectInstance;} {} {V}
[23Jul2025 20:53:11.308] [main/DEBUG] [cpw.mods.modlauncher.TransformStore/MODLAUNCHER]: Adding transformer net.minecraftforge.coremod.transformer.CoreModClassTransformer@6fc1020a to Target : CLASS {Lnet/minecraft/world/level/block/LiquidBlock;} {} {V}
[23Jul2025 20:53:11.308] [main/DEBUG] [cpw.mods.modlauncher.TransformStore/MODLAUNCHER]: Adding transformer net.minecraftforge.coremod.transformer.CoreModClassTransformer@5762658b to Target : CLASS {Lnet/minecraft/world/item/BucketItem;} {} {V}
[23Jul2025 20:53:11.308] [main/DEBUG] [cpw.mods.modlauncher.TransformStore/MODLAUNCHER]: Adding transformer net.minecraftforge.coremod.transformer.CoreModClassTransformer@2629d5dc to Target : CLASS {Lnet/minecraft/world/level/block/StairBlock;} {} {V}
[23Jul2025 20:53:11.309] [main/DEBUG] [cpw.mods.modlauncher.TransformStore/MODLAUNCHER]: Adding transformer net.minecraftforge.coremod.transformer.CoreModClassTransformer@2596d7f4 to Target : CLASS {Lnet/minecraft/world/level/block/FlowerPotBlock;} {} {V}
[23Jul2025 20:53:11.309] [main/DEBUG] [cpw.mods.modlauncher.TransformStore/MODLAUNCHER]: Adding transformer net.minecraftforge.coremod.transformer.CoreModClassTransformer@42a0501e to Target : CLASS {Lnet/minecraft/world/item/ItemStack;} {} {V}
[23Jul2025 20:53:11.309] [main/DEBUG] [cpw.mods.modlauncher.TransformStore/MODLAUNCHER]: Adding transformer net.minecraftforge.coremod.transformer.CoreModClassTransformer@6aa3bfc to Target : CLASS {Lnet/minecraft/network/play/client/CClientSettingsPacket;} {} {V}
[23Jul2025 20:53:11.309] [main/DEBUG] [cpw.mods.modlauncher.TransformStore/MODLAUNCHER]: Adding transformer net.minecraftforge.coremod.transformer.CoreModClassTransformer@6e4599c0 to Target : CLASS {Lnet/minecraft/world/level/levelgen/PatrolSpawner;} {} {V}
[23Jul2025 20:53:11.309] [main/DEBUG] [cpw.mods.modlauncher.TransformStore/MODLAUNCHER]: Adding transformer net.minecraftforge.coremod.transformer.CoreModClassTransformer@6e4599c0 to Target : CLASS {Lnet/minecraft/world/entity/monster/Strider;} {} {V}
[23Jul2025 20:53:11.309] [main/DEBUG] [cpw.mods.modlauncher.TransformStore/MODLAUNCHER]: Adding transformer net.minecraftforge.coremod.transformer.CoreModClassTransformer@6e4599c0 to Target : CLASS {Lnet/minecraft/server/commands/RaidCommand;} {} {V}
[23Jul2025 20:53:11.309] [main/DEBUG] [cpw.mods.modlauncher.TransformStore/MODLAUNCHER]: Adding transformer net.minecraftforge.coremod.transformer.CoreModClassTransformer@6e4599c0 to Target : CLASS {Lnet/minecraft/world/level/levelgen/structure/structures/OceanMonumentPieces$OceanMonumentPiece;} {} {V}
[23Jul2025 20:53:11.309] [main/DEBUG] [cpw.mods.modlauncher.TransformStore/MODLAUNCHER]: Adding transformer net.minecraftforge.coremod.transformer.CoreModClassTransformer@6e4599c0 to Target : CLASS {Lnet/minecraft/server/commands/SummonCommand;} {} {V}
[23Jul2025 20:53:11.310] [main/DEBUG] [cpw.mods.modlauncher.TransformStore/MODLAUNCHER]: Adding transformer net.minecraftforge.coremod.transformer.CoreModClassTransformer@6e4599c0 to Target : CLASS {Lnet/minecraft/world/entity/monster/Evoker$EvokerSummonSpellGoal;} {} {V}
[23Jul2025 20:53:11.310] [main/DEBUG] [cpw.mods.modlauncher.TransformStore/MODLAUNCHER]: Adding transformer net.minecraftforge.coremod.transformer.CoreModClassTransformer@6e4599c0 to Target : CLASS {Lnet/minecraft/world/level/levelgen/structure/structures/WoodlandMansionPieces$WoodlandMansionPiece;} {} {V}
[23Jul2025 20:53:11.310] [main/DEBUG] [cpw.mods.modlauncher.TransformStore/MODLAUNCHER]: Adding transformer net.minecraftforge.coremod.transformer.CoreModClassTransformer@6e4599c0 to Target : CLASS {Lnet/minecraft/world/entity/monster/ZombieVillager;} {} {V}
[23Jul2025 20:53:11.310] [main/DEBUG] [cpw.mods.modlauncher.TransformStore/MODLAUNCHER]: Adding transformer net.minecraftforge.coremod.transformer.CoreModClassTransformer@6e4599c0 to Target : CLASS {Lnet/minecraft/world/entity/animal/horse/SkeletonTrapGoal;} {} {V}
[23Jul2025 20:53:11.310] [main/DEBUG] [cpw.mods.modlauncher.TransformStore/MODLAUNCHER]: Adding transformer net.minecraftforge.coremod.transformer.CoreModClassTransformer@6e4599c0 to Target : CLASS {Lnet/minecraft/world/entity/animal/frog/Tadpole;} {} {V}
[23Jul2025 20:53:11.310] [main/DEBUG] [cpw.mods.modlauncher.TransformStore/MODLAUNCHER]: Adding transformer net.minecraftforge.coremod.transformer.CoreModClassTransformer@6e4599c0 to Target : CLASS {Lnet/minecraft/world/entity/EntityType;} {} {V}
[23Jul2025 20:53:11.310] [main/DEBUG] [cpw.mods.modlauncher.TransformStore/MODLAUNCHER]: Adding transformer net.minecraftforge.coremod.transformer.CoreModClassTransformer@6e4599c0 to Target : CLASS {Lnet/minecraft/world/entity/monster/Zombie;} {} {V}
[23Jul2025 20:53:11.310] [main/DEBUG] [cpw.mods.modlauncher.TransformStore/MODLAUNCHER]: Adding transformer net.minecraftforge.coremod.transformer.CoreModClassTransformer@6e4599c0 to Target : CLASS {Lnet/minecraft/world/entity/raid/Raid;} {} {V}
[23Jul2025 20:53:11.310] [main/DEBUG] [cpw.mods.modlauncher.TransformStore/MODLAUNCHER]: Adding transformer net.minecraftforge.coremod.transformer.CoreModClassTransformer@6e4599c0 to Target : CLASS {Lnet/minecraft/world/entity/npc/Villager;} {} {V}
[23Jul2025 20:53:11.310] [main/DEBUG] [cpw.mods.modlauncher.TransformStore/MODLAUNCHER]: Adding transformer net.minecraftforge.coremod.transformer.CoreModClassTransformer@6e4599c0 to Target : CLASS {Lnet/minecraft/world/entity/ai/village/VillageSiege;} {} {V}
[23Jul2025 20:53:11.311] [main/DEBUG] [cpw.mods.modlauncher.TransformStore/MODLAUNCHER]: Adding transformer net.minecraftforge.coremod.transformer.CoreModClassTransformer@6e4599c0 to Target : CLASS {Lnet/minecraft/world/entity/npc/CatSpawner;} {} {V}
[23Jul2025 20:53:11.311] [main/DEBUG] [cpw.mods.modlauncher.TransformStore/MODLAUNCHER]: Adding transformer net.minecraftforge.coremod.transformer.CoreModClassTransformer@6e4599c0 to Target : CLASS {Lnet/minecraft/world/level/levelgen/PhantomSpawner;} {} {V}
[23Jul2025 20:53:11.311] [main/DEBUG] [cpw.mods.modlauncher.TransformStore/MODLAUNCHER]: Adding transformer net.minecraftforge.coremod.transformer.CoreModClassTransformer@6e4599c0 to Target : CLASS {Lnet/minecraft/world/level/NaturalSpawner;} {} {V}
[23Jul2025 20:53:11.311] [main/DEBUG] [cpw.mods.modlauncher.TransformStore/MODLAUNCHER]: Adding transformer net.minecraftforge.coremod.transformer.CoreModClassTransformer@6e4599c0 to Target : CLASS {Lnet/minecraft/world/level/levelgen/structure/structures/OceanRuinPieces$OceanRuinPiece;} {} {V}
[23Jul2025 20:53:11.311] [main/DEBUG] [cpw.mods.modlauncher.TransformStore/MODLAUNCHER]: Adding transformer net.minecraftforge.coremod.transformer.CoreModClassTransformer@6e4599c0 to Target : CLASS {Lnet/minecraft/world/level/levelgen/structure/structures/SwampHutPiece;} {} {V}
[23Jul2025 20:53:11.311] [main/DEBUG] [cpw.mods.modlauncher.TransformStore/MODLAUNCHER]: Adding transformer net.minecraftforge.coremod.transformer.CoreModClassTransformer@6e4599c0 to Target : CLASS {Lnet/minecraft/world/entity/monster/Spider;} {} {V}
[23Jul2025 20:53:11.311] [main/DEBUG] [cpw.mods.modlauncher.TransformStore/MODLAUNCHER]: Adding transformer net.minecraftforge.coremod.transformer.CoreModClassTransformer@6e4599c0 to Target : CLASS {Lnet/minecraft/world/level/levelgen/structure/templatesystem/StructureTemplate;} {} {V}
[23Jul2025 20:53:11.311] [main/DEBUG] [cpw.mods.modlauncher.TransformationServiceDecorator/MODLAUNCHER]: Initialized transformers for transformation service fml
[23Jul2025 20:53:12.409] [main/DEBUG] [mixin/]: Processing prepare() for PlatformAgent[MixinPlatformAgentDefault:ModLauncher Root Container(ModLauncher:4f56a0a2)]
[23Jul2025 20:53:12.410] [main/DEBUG] [mixin/]: Processing launch tasks for PlatformAgent[MixinPlatformAgentDefault:ModLauncher Root Container(ModLauncher:4f56a0a2)]
[23Jul2025 20:53:12.410] [main/DEBUG] [mixin/]: Adding mixin platform agents for container SecureJarResource(minecraft)
[23Jul2025 20:53:12.410] [main/DEBUG] [mixin/]: Instancing new MixinPlatformAgentMinecraftForge for SecureJarResource(minecraft)
[23Jul2025 20:53:12.410] [main/DEBUG] [mixin/]: MixinPlatformAgentMinecraftForge rejected container SecureJarResource(minecraft)
[23Jul2025 20:53:12.410] [main/DEBUG] [mixin/]: Instancing new MixinPlatformAgentDefault for SecureJarResource(minecraft)
[23Jul2025 20:53:12.410] [main/DEBUG] [mixin/]: MixinPlatformAgentDefault accepted container SecureJarResource(minecraft)
[23Jul2025 20:53:12.410] [main/DEBUG] [mixin/]: Processing prepare() for PlatformAgent[MixinPlatformAgentDefault:SecureJarResource(minecraft)]
[23Jul2025 20:53:12.411] [main/DEBUG] [mixin/]: Adding mixin platform agents for container SecureJarResource(terrablender)
[23Jul2025 20:53:12.411] [main/DEBUG] [mixin/]: Instancing new MixinPlatformAgentMinecraftForge for SecureJarResource(terrablender)
[23Jul2025 20:53:12.411] [main/DEBUG] [mixin/]: MixinPlatformAgentMinecraftForge rejected container SecureJarResource(terrablender)
[23Jul2025 20:53:12.411] [main/DEBUG] [mixin/]: Instancing new MixinPlatformAgentDefault for SecureJarResource(terrablender)
[23Jul2025 20:53:12.411] [main/DEBUG] [mixin/]: MixinPlatformAgentDefault accepted container SecureJarResource(terrablender)
[23Jul2025 20:53:12.411] [main/DEBUG] [mixin/]: Processing prepare() for PlatformAgent[MixinPlatformAgentDefault:SecureJarResource(terrablender)]
[23Jul2025 20:53:12.411] [main/DEBUG] [mixin/]: Registering mixin config: terrablender.mixins.json
[23Jul2025 20:53:12.435] [main/DEBUG] [mixin/]: Compatibility level JAVA_17 specified by terrablender.mixins.json is higher than the maximum level supported by this version of mixin (JAVA_13).
[23Jul2025 20:53:12.442] [main/INFO] [mixin/]: Compatibility level set to JAVA_17
[23Jul2025 20:53:12.443] [main/DEBUG] [mixin/]: Registering mixin config: terrablender_forge.mixins.json
[23Jul2025 20:53:12.445] [main/DEBUG] [mixin/]: Adding mixin platform agents for container SecureJarResource(jade)
[23Jul2025 20:53:12.445] [main/DEBUG] [mixin/]: Instancing new MixinPlatformAgentMinecraftForge for SecureJarResource(jade)
[23Jul2025 20:53:12.445] [main/DEBUG] [mixin/]: MixinPlatformAgentMinecraftForge rejected container SecureJarResource(jade)
[23Jul2025 20:53:12.445] [main/DEBUG] [mixin/]: Instancing new MixinPlatformAgentDefault for SecureJarResource(jade)
[23Jul2025 20:53:12.445] [main/DEBUG] [mixin/]: MixinPlatformAgentDefault accepted container SecureJarResource(jade)
[23Jul2025 20:53:12.446] [main/DEBUG] [mixin/]: Processing prepare() for PlatformAgent[MixinPlatformAgentDefault:SecureJarResource(jade)]
[23Jul2025 20:53:12.446] [main/DEBUG] [mixin/]: Registering mixin config: jade.mixins.json
[23Jul2025 20:53:12.447] [main/DEBUG] [mixin/]: Compatibility level JAVA_16 specified by jade.mixins.json is higher than the maximum level supported by this version of mixin (JAVA_13).
[23Jul2025 20:53:12.447] [main/DEBUG] [mixin/]: Adding mixin platform agents for container SecureJarResource(whispering_spirits)
[23Jul2025 20:53:12.448] [main/DEBUG] [mixin/]: Instancing new MixinPlatformAgentMinecraftForge for SecureJarResource(whispering_spirits)
[23Jul2025 20:53:12.448] [main/DEBUG] [mixin/]: MixinPlatformAgentMinecraftForge rejected container SecureJarResource(whispering_spirits)
[23Jul2025 20:53:12.448] [main/DEBUG] [mixin/]: Instancing new MixinPlatformAgentDefault for SecureJarResource(whispering_spirits)
[23Jul2025 20:53:12.448] [main/DEBUG] [mixin/]: MixinPlatformAgentDefault accepted container SecureJarResource(whispering_spirits)
[23Jul2025 20:53:12.448] [main/DEBUG] [mixin/]: Processing prepare() for PlatformAgent[MixinPlatformAgentDefault:SecureJarResource(whispering_spirits)]
[23Jul2025 20:53:12.448] [main/DEBUG] [mixin/]: Adding mixin platform agents for container SecureJarResource(geckolib)
[23Jul2025 20:53:12.448] [main/DEBUG] [mixin/]: Instancing new MixinPlatformAgentMinecraftForge for SecureJarResource(geckolib)
[23Jul2025 20:53:12.448] [main/DEBUG] [mixin/]: MixinPlatformAgentMinecraftForge rejected container SecureJarResource(geckolib)
[23Jul2025 20:53:12.448] [main/DEBUG] [mixin/]: Instancing new MixinPlatformAgentDefault for SecureJarResource(geckolib)
[23Jul2025 20:53:12.451] [main/DEBUG] [mixin/]: MixinPlatformAgentDefault accepted container SecureJarResource(geckolib)
[23Jul2025 20:53:12.451] [main/DEBUG] [mixin/]: Processing prepare() for PlatformAgent[MixinPlatformAgentDefault:SecureJarResource(geckolib)]
[23Jul2025 20:53:12.451] [main/DEBUG] [mixin/]: Registering mixin config: geckolib.mixins.json
[23Jul2025 20:53:12.454] [main/DEBUG] [mixin/]: Adding mixin platform agents for container SecureJarResource(playeranimator)
[23Jul2025 20:53:12.454] [main/DEBUG] [mixin/]: Instancing new MixinPlatformAgentMinecraftForge for SecureJarResource(playeranimator)
[23Jul2025 20:53:12.454] [main/DEBUG] [mixin/]: MixinPlatformAgentMinecraftForge rejected container SecureJarResource(playeranimator)
[23Jul2025 20:53:12.454] [main/DEBUG] [mixin/]: Instancing new MixinPlatformAgentDefault for SecureJarResource(playeranimator)
[23Jul2025 20:53:12.455] [main/DEBUG] [mixin/]: MixinPlatformAgentDefault accepted container SecureJarResource(playeranimator)
[23Jul2025 20:53:12.455] [main/DEBUG] [mixin/]: Processing prepare() for PlatformAgent[MixinPlatformAgentDefault:SecureJarResource(playeranimator)]
[23Jul2025 20:53:12.455] [main/DEBUG] [mixin/]: Registering mixin config: playerAnimator-common.mixins.json
[23Jul2025 20:53:12.459] [main/DEBUG] [mixin/]: Compatibility level JAVA_16 specified by playerAnimator-common.mixins.json is higher than the maximum level supported by this version of mixin (JAVA_13).
[23Jul2025 20:53:12.459] [main/DEBUG] [mixin/]: Adding mixin platform agents for container SecureJarResource(spectrelib)
[23Jul2025 20:53:12.459] [main/DEBUG] [mixin/]: Instancing new MixinPlatformAgentMinecraftForge for SecureJarResource(spectrelib)
[23Jul2025 20:53:12.459] [main/DEBUG] [mixin/]: MixinPlatformAgentMinecraftForge rejected container SecureJarResource(spectrelib)
[23Jul2025 20:53:12.460] [main/DEBUG] [mixin/]: Instancing new MixinPlatformAgentDefault for SecureJarResource(spectrelib)
[23Jul2025 20:53:12.460] [main/DEBUG] [mixin/]: MixinPlatformAgentDefault accepted container SecureJarResource(spectrelib)
[23Jul2025 20:53:12.460] [main/DEBUG] [mixin/]: Processing prepare() for PlatformAgent[MixinPlatformAgentDefault:SecureJarResource(spectrelib)]
[23Jul2025 20:53:12.460] [main/DEBUG] [mixin/]: Adding mixin platform agents for container SecureJarResource(pehkui)
[23Jul2025 20:53:12.460] [main/DEBUG] [mixin/]: Instancing new MixinPlatformAgentMinecraftForge for SecureJarResource(pehkui)
[23Jul2025 20:53:12.460] [main/DEBUG] [mixin/]: MixinPlatformAgentMinecraftForge rejected container SecureJarResource(pehkui)
[23Jul2025 20:53:12.460] [main/DEBUG] [mixin/]: Instancing new MixinPlatformAgentDefault for SecureJarResource(pehkui)
[23Jul2025 20:53:12.460] [main/DEBUG] [mixin/]: MixinPlatformAgentDefault accepted container SecureJarResource(pehkui)
[23Jul2025 20:53:12.460] [main/DEBUG] [mixin/]: Processing prepare() for PlatformAgent[MixinPlatformAgentDefault:SecureJarResource(pehkui)]
[23Jul2025 20:53:12.460] [main/DEBUG] [mixin/]: Registering mixin config: pehkui.mixins.json
[23Jul2025 20:53:12.465] [main/DEBUG] [mixin/]: Adding mixin platform agents for container SecureJarResource(clumps)
[23Jul2025 20:53:12.465] [main/DEBUG] [mixin/]: Instancing new MixinPlatformAgentMinecraftForge for SecureJarResource(clumps)
[23Jul2025 20:53:12.465] [main/DEBUG] [mixin/]: MixinPlatformAgentMinecraftForge rejected container SecureJarResource(clumps)
[23Jul2025 20:53:12.465] [main/DEBUG] [mixin/]: Instancing new MixinPlatformAgentDefault for SecureJarResource(clumps)
[23Jul2025 20:53:12.465] [main/DEBUG] [mixin/]: MixinPlatformAgentDefault accepted container SecureJarResource(clumps)
[23Jul2025 20:53:12.465] [main/DEBUG] [mixin/]: Processing prepare() for PlatformAgent[MixinPlatformAgentDefault:SecureJarResource(clumps)]
[23Jul2025 20:53:12.465] [main/DEBUG] [mixin/]: Registering mixin config: clumps.mixins.json
[23Jul2025 20:53:12.471] [main/DEBUG] [mixin/]: Adding mixin platform agents for container SecureJarResource(controlling)
[23Jul2025 20:53:12.472] [main/DEBUG] [mixin/]: Instancing new MixinPlatformAgentMinecraftForge for SecureJarResource(controlling)
[23Jul2025 20:53:12.472] [main/DEBUG] [mixin/]: MixinPlatformAgentMinecraftForge rejected container SecureJarResource(controlling)
[23Jul2025 20:53:12.472] [main/DEBUG] [mixin/]: Instancing new MixinPlatformAgentDefault for SecureJarResource(controlling)
[23Jul2025 20:53:12.472] [main/DEBUG] [mixin/]: MixinPlatformAgentDefault accepted container SecureJarResource(controlling)
[23Jul2025 20:53:12.472] [main/DEBUG] [mixin/]: Processing prepare() for PlatformAgent[MixinPlatformAgentDefault:SecureJarResource(controlling)]
[23Jul2025 20:53:12.472] [main/DEBUG] [mixin/]: Registering mixin config: controlling.mixins.json
[23Jul2025 20:53:12.475] [main/DEBUG] [mixin/]: Registering mixin config: controlling.forge.mixins.json
[23Jul2025 20:53:12.477] [main/DEBUG] [mixin/]: Adding mixin platform agents for container SecureJarResource(searchables)
[23Jul2025 20:53:12.477] [main/DEBUG] [mixin/]: Instancing new MixinPlatformAgentMinecraftForge for SecureJarResource(searchables)
[23Jul2025 20:53:12.477] [main/DEBUG] [mixin/]: MixinPlatformAgentMinecraftForge rejected container SecureJarResource(searchables)
[23Jul2025 20:53:12.477] [main/DEBUG] [mixin/]: Instancing new MixinPlatformAgentDefault for SecureJarResource(searchables)
[23Jul2025 20:53:12.477] [main/DEBUG] [mixin/]: MixinPlatformAgentDefault accepted container SecureJarResource(searchables)
[23Jul2025 20:53:12.477] [main/DEBUG] [mixin/]: Processing prepare() for PlatformAgent[MixinPlatformAgentDefault:SecureJarResource(searchables)]
[23Jul2025 20:53:12.477] [main/DEBUG] [mixin/]: Registering mixin config: searchables.mixins.json
[23Jul2025 20:53:12.479] [main/DEBUG] [mixin/]: Registering mixin config: searchables.forge.mixins.json
[23Jul2025 20:53:12.480] [main/DEBUG] [mixin/]: Adding mixin platform agents for container SecureJarResource(modernfix)
[23Jul2025 20:53:12.480] [main/DEBUG] [mixin/]: Instancing new MixinPlatformAgentMinecraftForge for SecureJarResource(modernfix)
[23Jul2025 20:53:12.480] [main/DEBUG] [mixin/]: MixinPlatformAgentMinecraftForge rejected container SecureJarResource(modernfix)
[23Jul2025 20:53:12.481] [main/DEBUG] [mixin/]: Instancing new MixinPlatformAgentDefault for SecureJarResource(modernfix)
[23Jul2025 20:53:12.481] [main/DEBUG] [mixin/]: MixinPlatformAgentDefault accepted container SecureJarResource(modernfix)
[23Jul2025 20:53:12.481] [main/DEBUG] [mixin/]: Processing prepare() for PlatformAgent[MixinPlatformAgentDefault:SecureJarResource(modernfix)]
[23Jul2025 20:53:12.481] [main/DEBUG] [mixin/]: Registering mixin config: modernfix-common.mixins.json
[23Jul2025 20:53:12.483] [main/DEBUG] [mixin/]: Registering mixin config: modernfix-forge.mixins.json
[23Jul2025 20:53:12.485] [main/DEBUG] [mixin/]: Adding mixin platform agents for container SecureJarResource(mixinextras)
[23Jul2025 20:53:12.485] [main/DEBUG] [mixin/]: Instancing new MixinPlatformAgentMinecraftForge for SecureJarResource(mixinextras)
[23Jul2025 20:53:12.485] [main/DEBUG] [mixin/]: MixinPlatformAgentMinecraftForge rejected container SecureJarResource(mixinextras)
[23Jul2025 20:53:12.486] [main/DEBUG] [mixin/]: Instancing new MixinPlatformAgentDefault for SecureJarResource(mixinextras)
[23Jul2025 20:53:12.486] [main/DEBUG] [mixin/]: MixinPlatformAgentDefault accepted container SecureJarResource(mixinextras)
[23Jul2025 20:53:12.486] [main/DEBUG] [mixin/]: Processing prepare() for PlatformAgent[MixinPlatformAgentDefault:SecureJarResource(mixinextras)]
[23Jul2025 20:53:12.486] [main/DEBUG] [mixin/]: Registering mixin config: mixinextras.init.mixins.json
[23Jul2025 20:53:12.487] [main/DEBUG] [mixin/]: Adding mixin platform agents for container SecureJarResource(architectury)
[23Jul2025 20:53:12.487] [main/DEBUG] [mixin/]: Instancing new MixinPlatformAgentMinecraftForge for SecureJarResource(architectury)
[23Jul2025 20:53:12.488] [main/DEBUG] [mixin/]: MixinPlatformAgentMinecraftForge rejected container SecureJarResource(architectury)
[23Jul2025 20:53:12.488] [main/DEBUG] [mixin/]: Instancing new MixinPlatformAgentDefault for SecureJarResource(architectury)
[23Jul2025 20:53:12.488] [main/DEBUG] [mixin/]: MixinPlatformAgentDefault accepted container SecureJarResource(architectury)
[23Jul2025 20:53:12.488] [main/DEBUG] [mixin/]: Processing prepare() for PlatformAgent[MixinPlatformAgentDefault:SecureJarResource(architectury)]
[23Jul2025 20:53:12.489] [main/DEBUG] [mixin/]: Registering mixin config: architectury.mixins.json
[23Jul2025 20:53:12.492] [main/DEBUG] [mixin/]: Compatibility level JAVA_16 specified by architectury.mixins.json is higher than the maximum level supported by this version of mixin (JAVA_13).
[23Jul2025 20:53:12.493] [main/DEBUG] [mixin/]: Registering mixin config: architectury-common.mixins.json
[23Jul2025 20:53:12.494] [main/DEBUG] [mixin/]: Compatibility level JAVA_16 specified by architectury-common.mixins.json is higher than the maximum level supported by this version of mixin (JAVA_13).
[23Jul2025 20:53:12.494] [main/DEBUG] [mixin/]: Adding mixin platform agents for container SecureJarResource(ferritecore)
[23Jul2025 20:53:12.495] [main/DEBUG] [mixin/]: Instancing new MixinPlatformAgentMinecraftForge for SecureJarResource(ferritecore)
[23Jul2025 20:53:12.495] [main/DEBUG] [mixin/]: MixinPlatformAgentMinecraftForge rejected container SecureJarResource(ferritecore)
[23Jul2025 20:53:12.495] [main/DEBUG] [mixin/]: Instancing new MixinPlatformAgentDefault for SecureJarResource(ferritecore)
[23Jul2025 20:53:12.497] [main/DEBUG] [mixin/]: MixinPlatformAgentDefault accepted container SecureJarResource(ferritecore)
[23Jul2025 20:53:12.497] [main/DEBUG] [mixin/]: Processing prepare() for PlatformAgent[MixinPlatformAgentDefault:SecureJarResource(ferritecore)]
[23Jul2025 20:53:12.498] [main/DEBUG] [mixin/]: Registering mixin config: ferritecore.predicates.mixin.json
[23Jul2025 20:53:12.500] [main/DEBUG] [mixin/]: Registering mixin config: ferritecore.fastmap.mixin.json
[23Jul2025 20:53:12.501] [main/DEBUG] [mixin/]: Registering mixin config: ferritecore.mrl.mixin.json
[23Jul2025 20:53:12.502] [main/DEBUG] [mixin/]: Registering mixin config: ferritecore.dedupmultipart.mixin.json
[23Jul2025 20:53:12.503] [main/DEBUG] [mixin/]: Registering mixin config: ferritecore.blockstatecache.mixin.json
[23Jul2025 20:53:12.504] [main/DEBUG] [mixin/]: Registering mixin config: ferritecore.dedupbakedquad.mixin.json
[23Jul2025 20:53:12.505] [main/DEBUG] [mixin/]: Registering mixin config: ferritecore.threaddetec.mixin.json
[23Jul2025 20:53:12.507] [main/DEBUG] [mixin/]: Registering mixin config: ferritecore.modelsides.mixin.json
[23Jul2025 20:53:12.508] [main/DEBUG] [mixin/]: Adding mixin platform agents for container SecureJarResource(embeddium_extra)
[23Jul2025 20:53:12.508] [main/DEBUG] [mixin/]: Instancing new MixinPlatformAgentMinecraftForge for SecureJarResource(embeddium_extra)
[23Jul2025 20:53:12.508] [main/DEBUG] [mixin/]: MixinPlatformAgentMinecraftForge rejected container SecureJarResource(embeddium_extra)
[23Jul2025 20:53:12.508] [main/DEBUG] [mixin/]: Instancing new MixinPlatformAgentDefault for SecureJarResource(embeddium_extra)
[23Jul2025 20:53:12.508] [main/DEBUG] [mixin/]: MixinPlatformAgentDefault accepted container SecureJarResource(embeddium_extra)
[23Jul2025 20:53:12.509] [main/DEBUG] [mixin/]: Processing prepare() for PlatformAgent[MixinPlatformAgentDefault:SecureJarResource(embeddium_extra)]
[23Jul2025 20:53:12.509] [main/DEBUG] [mixin/]: Registering mixin config: sodium-extra.mixins.json
[23Jul2025 20:53:12.510] [main/DEBUG] [mixin/]: Adding mixin platform agents for container SecureJarResource(carryon)
[23Jul2025 20:53:12.510] [main/DEBUG] [mixin/]: Instancing new MixinPlatformAgentMinecraftForge for SecureJarResource(carryon)
[23Jul2025 20:53:12.510] [main/DEBUG] [mixin/]: MixinPlatformAgentMinecraftForge rejected container SecureJarResource(carryon)
[23Jul2025 20:53:12.510] [main/DEBUG] [mixin/]: Instancing new MixinPlatformAgentDefault for SecureJarResource(carryon)
[23Jul2025 20:53:12.510] [main/DEBUG] [mixin/]: MixinPlatformAgentDefault accepted container SecureJarResource(carryon)
[23Jul2025 20:53:12.510] [main/DEBUG] [mixin/]: Processing prepare() for PlatformAgent[MixinPlatformAgentDefault:SecureJarResource(carryon)]
[23Jul2025 20:53:12.510] [main/DEBUG] [mixin/]: Registering mixin config: carryon.mixins.json
[23Jul2025 20:53:12.513] [main/DEBUG] [mixin/]: Registering mixin config: carryon.forge.mixins.json
[23Jul2025 20:53:12.515] [main/DEBUG] [mixin/]: Adding mixin platform agents for container SecureJarResource(azurelib)
[23Jul2025 20:53:12.517] [main/DEBUG] [mixin/]: Instancing new MixinPlatformAgentMinecraftForge for SecureJarResource(azurelib)
[23Jul2025 20:53:12.517] [main/DEBUG] [mixin/]: MixinPlatformAgentMinecraftForge rejected container SecureJarResource(azurelib)
[23Jul2025 20:53:12.517] [main/DEBUG] [mixin/]: Instancing new MixinPlatformAgentDefault for SecureJarResource(azurelib)
[23Jul2025 20:53:12.517] [main/DEBUG] [mixin/]: MixinPlatformAgentDefault accepted container SecureJarResource(azurelib)
[23Jul2025 20:53:12.517] [main/DEBUG] [mixin/]: Processing prepare() for PlatformAgent[MixinPlatformAgentDefault:SecureJarResource(azurelib)]
[23Jul2025 20:53:12.517] [main/DEBUG] [mixin/]: Registering mixin config: azurelib.mixins.json
[23Jul2025 20:53:12.518] [main/ERROR] [mixin/]: Mixin config azurelib.mixins.json does not specify "minVersion" property
[23Jul2025 20:53:12.519] [main/DEBUG] [mixin/]: Registering mixin config: azurelib.forge.mixins.json
[23Jul2025 20:53:12.520] [main/ERROR] [mixin/]: Mixin config azurelib.forge.mixins.json does not specify "minVersion" property
[23Jul2025 20:53:12.520] [main/DEBUG] [mixin/]: Adding mixin platform agents for container SecureJarResource(lodestone)
[23Jul2025 20:53:12.520] [main/DEBUG] [mixin/]: Instancing new MixinPlatformAgentMinecraftForge for SecureJarResource(lodestone)
[23Jul2025 20:53:12.520] [main/DEBUG] [mixin/]: MixinPlatformAgentMinecraftForge rejected container SecureJarResource(lodestone)
[23Jul2025 20:53:12.520] [main/DEBUG] [mixin/]: Instancing new MixinPlatformAgentDefault for SecureJarResource(lodestone)
[23Jul2025 20:53:12.521] [main/DEBUG] [mixin/]: MixinPlatformAgentDefault accepted container SecureJarResource(lodestone)
[23Jul2025 20:53:12.521] [main/DEBUG] [mixin/]: Processing prepare() for PlatformAgent[MixinPlatformAgentDefault:SecureJarResource(lodestone)]
[23Jul2025 20:53:12.521] [main/DEBUG] [mixin/]: Registering mixin config: lodestone.mixins.json
[23Jul2025 20:53:12.522] [main/DEBUG] [mixin/]: Adding mixin platform agents for container SecureJarResource(cloth_config)
[23Jul2025 20:53:12.522] [main/DEBUG] [mixin/]: Instancing new MixinPlatformAgentMinecraftForge for SecureJarResource(cloth_config)
[23Jul2025 20:53:12.522] [main/DEBUG] [mixin/]: MixinPlatformAgentMinecraftForge rejected container SecureJarResource(cloth_config)
[23Jul2025 20:53:12.522] [main/DEBUG] [mixin/]: Instancing new MixinPlatformAgentDefault for SecureJarResource(cloth_config)
[23Jul2025 20:53:12.522] [main/DEBUG] [mixin/]: MixinPlatformAgentDefault accepted container SecureJarResource(cloth_config)
[23Jul2025 20:53:12.522] [main/DEBUG] [mixin/]: Processing prepare() for PlatformAgent[MixinPlatformAgentDefault:SecureJarResource(cloth_config)]
[23Jul2025 20:53:12.522] [main/DEBUG] [mixin/]: Adding mixin platform agents for container SecureJarResource(forge)
[23Jul2025 20:53:12.522] [main/DEBUG] [mixin/]: Instancing new MixinPlatformAgentMinecraftForge for SecureJarResource(forge)
[23Jul2025 20:53:12.522] [main/DEBUG] [mixin/]: MixinPlatformAgentMinecraftForge rejected container SecureJarResource(forge)
[23Jul2025 20:53:12.523] [main/DEBUG] [mixin/]: Instancing new MixinPlatformAgentDefault for SecureJarResource(forge)
[23Jul2025 20:53:12.523] [main/DEBUG] [mixin/]: MixinPlatformAgentDefault accepted container SecureJarResource(forge)
[23Jul2025 20:53:12.523] [main/DEBUG] [mixin/]: Processing prepare() for PlatformAgent[MixinPlatformAgentDefault:SecureJarResource(forge)]
[23Jul2025 20:53:12.523] [main/DEBUG] [mixin/]: Adding mixin platform agents for container SecureJarResource(betterdays)
[23Jul2025 20:53:12.523] [main/DEBUG] [mixin/]: Instancing new MixinPlatformAgentMinecraftForge for SecureJarResource(betterdays)
[23Jul2025 20:53:12.523] [main/DEBUG] [mixin/]: MixinPlatformAgentMinecraftForge rejected container SecureJarResource(betterdays)
[23Jul2025 20:53:12.524] [main/DEBUG] [mixin/]: Instancing new MixinPlatformAgentDefault for SecureJarResource(betterdays)
[23Jul2025 20:53:12.524] [main/DEBUG] [mixin/]: MixinPlatformAgentDefault accepted container SecureJarResource(betterdays)
[23Jul2025 20:53:12.524] [main/DEBUG] [mixin/]: Processing prepare() for PlatformAgent[MixinPlatformAgentDefault:SecureJarResource(betterdays)]
[23Jul2025 20:53:12.524] [main/DEBUG] [mixin/]: Adding mixin platform agents for container SecureJarResource(ash_of_sin_soul_like_boss_battle)
[23Jul2025 20:53:12.524] [main/DEBUG] [mixin/]: Instancing new MixinPlatformAgentMinecraftForge for SecureJarResource(ash_of_sin_soul_like_boss_battle)
[23Jul2025 20:53:12.524] [main/DEBUG] [mixin/]: MixinPlatformAgentMinecraftForge rejected container SecureJarResource(ash_of_sin_soul_like_boss_battle)
[23Jul2025 20:53:12.525] [main/DEBUG] [mixin/]: Instancing new MixinPlatformAgentDefault for SecureJarResource(ash_of_sin_soul_like_boss_battle)
[23Jul2025 20:53:12.525] [main/DEBUG] [mixin/]: MixinPlatformAgentDefault accepted container SecureJarResource(ash_of_sin_soul_like_boss_battle)
[23Jul2025 20:53:12.525] [main/DEBUG] [mixin/]: Processing prepare() for PlatformAgent[MixinPlatformAgentDefault:SecureJarResource(ash_of_sin_soul_like_boss_battle)]
[23Jul2025 20:53:12.525] [main/DEBUG] [mixin/]: Adding mixin platform agents for container SecureJarResource(embeddium)
[23Jul2025 20:53:12.525] [main/DEBUG] [mixin/]: Instancing new MixinPlatformAgentMinecraftForge for SecureJarResource(embeddium)
[23Jul2025 20:53:12.525] [main/DEBUG] [mixin/]: MixinPlatformAgentMinecraftForge rejected container SecureJarResource(embeddium)
[23Jul2025 20:53:12.525] [main/DEBUG] [mixin/]: Instancing new MixinPlatformAgentDefault for SecureJarResource(embeddium)
[23Jul2025 20:53:12.525] [main/DEBUG] [mixin/]: MixinPlatformAgentDefault accepted container SecureJarResource(embeddium)
[23Jul2025 20:53:12.525] [main/DEBUG] [mixin/]: Processing prepare() for PlatformAgent[MixinPlatformAgentDefault:SecureJarResource(embeddium)]
[23Jul2025 20:53:12.525] [main/DEBUG] [mixin/]: Registering mixin config: embeddium.mixins.json
[23Jul2025 20:53:12.527] [main/DEBUG] [mixin/]: Adding mixin platform agents for container SecureJarResource(jcraft)
[23Jul2025 20:53:12.527] [main/DEBUG] [mixin/]: Instancing new MixinPlatformAgentMinecraftForge for SecureJarResource(jcraft)
[23Jul2025 20:53:12.527] [main/DEBUG] [mixin/]: MixinPlatformAgentMinecraftForge rejected container SecureJarResource(jcraft)
[23Jul2025 20:53:12.527] [main/DEBUG] [mixin/]: Instancing new MixinPlatformAgentDefault for SecureJarResource(jcraft)
[23Jul2025 20:53:12.527] [main/DEBUG] [mixin/]: MixinPlatformAgentDefault accepted container SecureJarResource(jcraft)
[23Jul2025 20:53:12.527] [main/DEBUG] [mixin/]: Processing prepare() for PlatformAgent[MixinPlatformAgentDefault:SecureJarResource(jcraft)]
[23Jul2025 20:53:12.527] [main/DEBUG] [mixin/]: Registering mixin config: jcraft.mixins.json
[23Jul2025 20:53:12.573] [main/DEBUG] [mixin/]: Registering mixin config: jcraft-forge.mixins.json
[23Jul2025 20:53:12.575] [main/DEBUG] [mixin/]: Compatibility level JAVA_8 specified by jcraft-forge.mixins.json is lower than the default level supported by the current mixin service (JAVA_16).
[23Jul2025 20:53:12.575] [main/DEBUG] [mixin/]: Adding mixin platform agents for container SecureJarResource(trimmed)
[23Jul2025 20:53:12.575] [main/DEBUG] [mixin/]: Instancing new MixinPlatformAgentMinecraftForge for SecureJarResource(trimmed)
[23Jul2025 20:53:12.575] [main/DEBUG] [mixin/]: MixinPlatformAgentMinecraftForge rejected container SecureJarResource(trimmed)
[23Jul2025 20:53:12.576] [main/DEBUG] [mixin/]: Instancing new MixinPlatformAgentDefault for SecureJarResource(trimmed)
[23Jul2025 20:53:12.576] [main/DEBUG] [mixin/]: MixinPlatformAgentDefault accepted container SecureJarResource(trimmed)
[23Jul2025 20:53:12.576] [main/DEBUG] [mixin/]: Processing prepare() for PlatformAgent[MixinPlatformAgentDefault:SecureJarResource(trimmed)]
[23Jul2025 20:53:12.576] [main/DEBUG] [mixin/]: Registering mixin config: trimmed.forge.mixins.json
[23Jul2025 20:53:12.577] [main/DEBUG] [mixin/]: Registering mixin config: trimmed.mixins.json
[23Jul2025 20:53:12.579] [main/DEBUG] [mixin/]: Adding mixin platform agents for container SecureJarResource(mclib)
[23Jul2025 20:53:12.579] [main/DEBUG] [mixin/]: Instancing new MixinPlatformAgentMinecraftForge for SecureJarResource(mclib)
[23Jul2025 20:53:12.579] [main/DEBUG] [mixin/]: MixinPlatformAgentMinecraftForge rejected container SecureJarResource(mclib)
[23Jul2025 20:53:12.579] [main/DEBUG] [mixin/]: Instancing new MixinPlatformAgentDefault for SecureJarResource(mclib)
[23Jul2025 20:53:12.579] [main/DEBUG] [mixin/]: MixinPlatformAgentDefault accepted container SecureJarResource(mclib)
[23Jul2025 20:53:12.579] [main/DEBUG] [mixin/]: Processing prepare() for PlatformAgent[MixinPlatformAgentDefault:SecureJarResource(mclib)]
[23Jul2025 20:53:12.580] [main/DEBUG] [mixin/]: Adding mixin platform agents for container SecureJarResource(NanoLiveConfig)
[23Jul2025 20:53:12.580] [main/DEBUG] [mixin/]: Instancing new MixinPlatformAgentMinecraftForge for SecureJarResource(NanoLiveConfig)
[23Jul2025 20:53:12.580] [main/DEBUG] [mixin/]: MixinPlatformAgentMinecraftForge rejected container SecureJarResource(NanoLiveConfig)
[23Jul2025 20:53:12.580] [main/DEBUG] [mixin/]: Instancing new MixinPlatformAgentDefault for SecureJarResource(NanoLiveConfig)
[23Jul2025 20:53:12.580] [main/DEBUG] [mixin/]: MixinPlatformAgentDefault accepted container SecureJarResource(NanoLiveConfig)
[23Jul2025 20:53:12.580] [main/DEBUG] [mixin/]: Processing prepare() for PlatformAgent[MixinPlatformAgentDefault:SecureJarResource(NanoLiveConfig)]
[23Jul2025 20:53:12.581] [main/DEBUG] [mixin/]: Adding mixin platform agents for container SecureJarResource(MixinExtras)
[23Jul2025 20:53:12.581] [main/DEBUG] [mixin/]: Instancing new MixinPlatformAgentMinecraftForge for SecureJarResource(MixinExtras)
[23Jul2025 20:53:12.581] [main/DEBUG] [mixin/]: MixinPlatformAgentMinecraftForge rejected container SecureJarResource(MixinExtras)
[23Jul2025 20:53:12.581] [main/DEBUG] [mixin/]: Instancing new MixinPlatformAgentDefault for SecureJarResource(MixinExtras)
[23Jul2025 20:53:12.582] [main/DEBUG] [mixin/]: MixinPlatformAgentDefault accepted container SecureJarResource(MixinExtras)
[23Jul2025 20:53:12.582] [main/DEBUG] [mixin/]: Processing prepare() for PlatformAgent[MixinPlatformAgentDefault:SecureJarResource(MixinExtras)]
[23Jul2025 20:53:12.582] [main/DEBUG] [mixin/]: inject() running with 30 agents
[23Jul2025 20:53:12.582] [main/DEBUG] [mixin/]: Processing inject() for PlatformAgent[MixinPlatformAgentDefault:ModLauncher Root Container(ModLauncher:4f56a0a2)]
[23Jul2025 20:53:12.582] [main/DEBUG] [mixin/]: Processing inject() for PlatformAgent[MixinPlatformAgentDefault:SecureJarResource(minecraft)]
[23Jul2025 20:53:12.582] [main/DEBUG] [mixin/]: Processing inject() for PlatformAgent[MixinPlatformAgentDefault:SecureJarResource(terrablender)]
[23Jul2025 20:53:12.582] [main/DEBUG] [mixin/]: Processing inject() for PlatformAgent[MixinPlatformAgentDefault:SecureJarResource(jade)]
[23Jul2025 20:53:12.582] [main/DEBUG] [mixin/]: Processing inject() for PlatformAgent[MixinPlatformAgentDefault:SecureJarResource(whispering_spirits)]
[23Jul2025 20:53:12.582] [main/DEBUG] [mixin/]: Processing inject() for PlatformAgent[MixinPlatformAgentDefault:SecureJarResource(geckolib)]
[23Jul2025 20:53:12.583] [main/DEBUG] [mixin/]: Processing inject() for PlatformAgent[MixinPlatformAgentDefault:SecureJarResource(playeranimator)]
[23Jul2025 20:53:12.583] [main/DEBUG] [mixin/]: Processing inject() for PlatformAgent[MixinPlatformAgentDefault:SecureJarResource(spectrelib)]
[23Jul2025 20:53:12.583] [main/DEBUG] [mixin/]: Processing inject() for PlatformAgent[MixinPlatformAgentDefault:SecureJarResource(pehkui)]
[23Jul2025 20:53:12.583] [main/DEBUG] [mixin/]: Processing inject() for PlatformAgent[MixinPlatformAgentDefault:SecureJarResource(clumps)]
[23Jul2025 20:53:12.583] [main/DEBUG] [mixin/]: Processing inject() for PlatformAgent[MixinPlatformAgentDefault:SecureJarResource(controlling)]
[23Jul2025 20:53:12.583] [main/DEBUG] [mixin/]: Processing inject() for PlatformAgent[MixinPlatformAgentDefault:SecureJarResource(searchables)]
[23Jul2025 20:53:12.583] [main/DEBUG] [mixin/]: Processing inject() for PlatformAgent[MixinPlatformAgentDefault:SecureJarResource(modernfix)]
[23Jul2025 20:53:12.583] [main/DEBUG] [mixin/]: Processing inject() for PlatformAgent[MixinPlatformAgentDefault:SecureJarResource(mixinextras)]
[23Jul2025 20:53:12.584] [main/DEBUG] [mixin/]: Processing inject() for PlatformAgent[MixinPlatformAgentDefault:SecureJarResource(architectury)]
[23Jul2025 20:53:12.584] [main/DEBUG] [mixin/]: Processing inject() for PlatformAgent[MixinPlatformAgentDefault:SecureJarResource(ferritecore)]
[23Jul2025 20:53:12.584] [main/DEBUG] [mixin/]: Processing inject() for PlatformAgent[MixinPlatformAgentDefault:SecureJarResource(embeddium_extra)]
[23Jul2025 20:53:12.584] [main/DEBUG] [mixin/]: Processing inject() for PlatformAgent[MixinPlatformAgentDefault:SecureJarResource(carryon)]
[23Jul2025 20:53:12.584] [main/DEBUG] [mixin/]: Processing inject() for PlatformAgent[MixinPlatformAgentDefault:SecureJarResource(azurelib)]
[23Jul2025 20:53:12.584] [main/DEBUG] [mixin/]: Processing inject() for PlatformAgent[MixinPlatformAgentDefault:SecureJarResource(lodestone)]
[23Jul2025 20:53:12.584] [main/DEBUG] [mixin/]: Processing inject() for PlatformAgent[MixinPlatformAgentDefault:SecureJarResource(cloth_config)]
[23Jul2025 20:53:12.584] [main/DEBUG] [mixin/]: Processing inject() for PlatformAgent[MixinPlatformAgentDefault:SecureJarResource(forge)]
[23Jul2025 20:53:12.584] [main/DEBUG] [mixin/]: Processing inject() for PlatformAgent[MixinPlatformAgentDefault:SecureJarResource(betterdays)]
[23Jul2025 20:53:12.584] [main/DEBUG] [mixin/]: Processing inject() for PlatformAgent[MixinPlatformAgentDefault:SecureJarResource(ash_of_sin_soul_like_boss_battle)]
[23Jul2025 20:53:12.584] [main/DEBUG] [mixin/]: Processing inject() for PlatformAgent[MixinPlatformAgentDefault:SecureJarResource(embeddium)]
[23Jul2025 20:53:12.584] [main/DEBUG] [mixin/]: Processing inject() for PlatformAgent[MixinPlatformAgentDefault:SecureJarResource(jcraft)]
[23Jul2025 20:53:12.584] [main/DEBUG] [mixin/]: Processing inject() for PlatformAgent[MixinPlatformAgentDefault:SecureJarResource(trimmed)]
[23Jul2025 20:53:12.585] [main/DEBUG] [mixin/]: Processing inject() for PlatformAgent[MixinPlatformAgentDefault:SecureJarResource(mclib)]
[23Jul2025 20:53:12.585] [main/DEBUG] [mixin/]: Processing inject() for PlatformAgent[MixinPlatformAgentDefault:SecureJarResource(NanoLiveConfig)]
[23Jul2025 20:53:12.585] [main/DEBUG] [mixin/]: Processing inject() for PlatformAgent[MixinPlatformAgentDefault:SecureJarResource(MixinExtras)]
[23Jul2025 20:53:12.585] [main/INFO] [cpw.mods.modlauncher.LaunchServiceHandler/MODLAUNCHER]: Launching target 'forgeserver' with arguments [nogui]
[23Jul2025 20:53:12.656] [main/DEBUG] [mixin/]: Error cleaning class output directory: .mixin.out
[23Jul2025 20:53:12.658] [main/DEBUG] [mixin/]: Preparing mixins for MixinEnvironment[DEFAULT]
[23Jul2025 20:53:12.658] [main/DEBUG] [mixin/]: Selecting config terrablender.mixins.json
[23Jul2025 20:53:12.661] [main/DEBUG] [mixin/]: Selecting config terrablender_forge.mixins.json
[23Jul2025 20:53:12.663] [main/DEBUG] [mixin/]: Selecting config jade.mixins.json
[23Jul2025 20:53:12.664] [main/DEBUG] [mixin/]: Selecting config geckolib.mixins.json
[23Jul2025 20:53:12.665] [main/DEBUG] [mixin/]: Selecting config playerAnimator-common.mixins.json
[23Jul2025 20:53:12.679] [main/DEBUG] [mixin/]: Selecting config pehkui.mixins.json
[23Jul2025 20:53:12.693] [main/DEBUG] [mixin/]: Selecting config clumps.mixins.json
[23Jul2025 20:53:12.697] [main/DEBUG] [mixin/]: Selecting config controlling.mixins.json
[23Jul2025 20:53:12.698] [main/DEBUG] [mixin/]: Selecting config controlling.forge.mixins.json
[23Jul2025 20:53:12.698] [main/DEBUG] [mixin/]: Selecting config searchables.mixins.json
[23Jul2025 20:53:12.699] [main/DEBUG] [mixin/]: Selecting config searchables.forge.mixins.json
[23Jul2025 20:53:12.700] [main/DEBUG] [mixin/]: Selecting config modernfix-common.mixins.json
[23Jul2025 20:53:12.976] [main/INFO] [ModernFix/]: Loaded configuration file for ModernFix 5.24.3+mc1.20.1: 96 options available, 0 override(s) found
[23Jul2025 20:53:12.977] [main/INFO] [ModernFix/]: Applying Nashorn fix
[23Jul2025 20:53:12.991] [main/INFO] [ModernFix/]: Applied Forge config corruption patch
[23Jul2025 20:53:12.996] [main/DEBUG] [mixin/]: Selecting config modernfix-forge.mixins.json
[23Jul2025 20:53:12.998] [main/DEBUG] [mixin/]: Selecting config mixinextras.init.mixins.json
[23Jul2025 20:53:13.020] [main/DEBUG] [MixinExtras|Service/]: com.llamalad7.mixinextras.service.MixinExtrasServiceImpl(version=0.4.1) is taking over from null
[23Jul2025 20:53:13.148] [main/DEBUG] [mixin/]: Registering new injector for @Inject with org.spongepowered.asm.mixin.injection.struct.CallbackInjectionInfo
[23Jul2025 20:53:13.150] [main/DEBUG] [mixin/]: Registering new injector for @ModifyArg with org.spongepowered.asm.mixin.injection.struct.ModifyArgInjectionInfo
[23Jul2025 20:53:13.151] [main/DEBUG] [mixin/]: Registering new injector for @ModifyArgs with org.spongepowered.asm.mixin.injection.struct.ModifyArgsInjectionInfo
[23Jul2025 20:53:13.153] [main/DEBUG] [mixin/]: Registering new injector for @Redirect with org.spongepowered.asm.mixin.injection.struct.RedirectInjectionInfo
[23Jul2025 20:53:13.154] [main/DEBUG] [mixin/]: Registering new injector for @ModifyVariable with org.spongepowered.asm.mixin.injection.struct.ModifyVariableInjectionInfo
[23Jul2025 20:53:13.156] [main/DEBUG] [mixin/]: Registering new injector for @ModifyConstant with org.spongepowered.asm.mixin.injection.struct.ModifyConstantInjectionInfo
[23Jul2025 20:53:13.165] [main/DEBUG] [mixin/]: Selecting config architectury.mixins.json
[23Jul2025 20:53:13.167] [main/DEBUG] [mixin/]: Selecting config architectury-common.mixins.json
[23Jul2025 20:53:13.167] [main/DEBUG] [mixin/]: Selecting config ferritecore.predicates.mixin.json
[23Jul2025 20:53:13.180] [main/DEBUG] [mixin/]: Selecting config ferritecore.fastmap.mixin.json
[23Jul2025 20:53:13.182] [main/DEBUG] [mixin/]: Selecting config ferritecore.mrl.mixin.json
[23Jul2025 20:53:13.183] [main/DEBUG] [mixin/]: Selecting config ferritecore.dedupmultipart.mixin.json
[23Jul2025 20:53:13.185] [main/DEBUG] [mixin/]: Selecting config ferritecore.blockstatecache.mixin.json
[23Jul2025 20:53:13.186] [main/DEBUG] [mixin/]: Selecting config ferritecore.dedupbakedquad.mixin.json
[23Jul2025 20:53:13.187] [main/DEBUG] [mixin/]: Selecting config ferritecore.threaddetec.mixin.json
[23Jul2025 20:53:13.189] [main/DEBUG] [mixin/]: Selecting config ferritecore.modelsides.mixin.json
[23Jul2025 20:53:13.190] [main/DEBUG] [mixin/]: Selecting config sodium-extra.mixins.json
[23Jul2025 20:53:13.291] [main/INFO] [Embeddium Extra/]: Loaded configuration file for Sodium Extra: 35 options available, 0 override(s) found
[23Jul2025 20:53:13.293] [main/DEBUG] [mixin/]: Selecting config carryon.mixins.json
[23Jul2025 20:53:13.295] [main/DEBUG] [mixin/]: Selecting config carryon.forge.mixins.json
[23Jul2025 20:53:13.296] [main/DEBUG] [mixin/]: Selecting config azurelib.mixins.json
[23Jul2025 20:53:13.297] [main/DEBUG] [mixin/]: Selecting config azurelib.forge.mixins.json
[23Jul2025 20:53:13.298] [main/DEBUG] [mixin/]: Selecting config lodestone.mixins.json
[23Jul2025 20:53:13.299] [main/DEBUG] [mixin/]: Selecting config embeddium.mixins.json
[23Jul2025 20:53:13.304] [main/INFO] [Embeddium/]: Loaded configuration file for Embeddium: 71 options available, 0 override(s) found
[23Jul2025 20:53:13.309] [main/DEBUG] [mixin/]: Selecting config jcraft.mixins.json
[23Jul2025 20:53:13.314] [main/DEBUG] [mixin/]: Selecting config jcraft-forge.mixins.json
[23Jul2025 20:53:13.315] [main/DEBUG] [mixin/]: Selecting config trimmed.forge.mixins.json
[23Jul2025 20:53:13.316] [main/DEBUG] [mixin/]: Selecting config trimmed.mixins.json
[23Jul2025 20:53:13.317] [main/DEBUG] [mixin/]: Preparing terrablender.mixins.json (7)
[23Jul2025 20:53:13.359] [main/DEBUG] [mixin/]: Preparing terrablender_forge.mixins.json (0)
[23Jul2025 20:53:13.359] [main/DEBUG] [mixin/]: Preparing jade.mixins.json (2)
[23Jul2025 20:53:13.359] [main/DEBUG] [mixin/]: Preparing geckolib.mixins.json (1)
[23Jul2025 20:53:13.359] [main/DEBUG] [mixin/]: Preparing playerAnimator-common.mixins.json (14)
[23Jul2025 20:53:13.359] [main/DEBUG] [mixin/]: Preparing pehkui.mixins.json (280)
[23Jul2025 20:53:13.364] [main/DEBUG] [net.minecraftforge.versions.mcp.MCPVersion/CORE]: MCP Version package package net.minecraftforge.versions.mcp, Minecraft, version 1.20.1 from cpw.mods.modlauncher.TransformingClassLoader@361abd01
[23Jul2025 20:53:13.364] [main/DEBUG] [net.minecraftforge.versions.mcp.MCPVersion/CORE]: Found MC version information 1.20.1
[23Jul2025 20:53:13.364] [main/DEBUG] [net.minecraftforge.versions.mcp.MCPVersion/CORE]: Found MCP version information 20230612.114412
[23Jul2025 20:53:13.653] [main/DEBUG] [net.minecraftforge.coremod.transformer.CoreModBaseTransformer/COREMOD]: Transforming net/minecraft/world/entity/monster/Evoker$EvokerSummonSpellGoal
[23Jul2025 20:53:13.760] [main/DEBUG] [net.minecraftforge.coremod.transformer.CoreModBaseTransformer/COREMOD]: Transforming net/minecraft/world/entity/npc/Villager
[23Jul2025 20:53:14.079] [main/DEBUG] [net.minecraftforge.coremod.transformer.CoreModBaseTransformer/COREMOD]: Transforming net/minecraft/world/entity/monster/Zombie
[23Jul2025 20:53:14.422] [main/DEBUG] [mixin/]: Preparing clumps.mixins.json (2)
[23Jul2025 20:53:14.427] [main/DEBUG] [mixin/]: Preparing controlling.mixins.json (5)
[23Jul2025 20:53:14.427] [main/DEBUG] [mixin/]: Preparing controlling.forge.mixins.json (0)
[23Jul2025 20:53:14.427] [main/DEBUG] [mixin/]: Preparing searchables.mixins.json (1)
[23Jul2025 20:53:14.427] [main/DEBUG] [mixin/]: Preparing searchables.forge.mixins.json (0)
[23Jul2025 20:53:14.427] [main/DEBUG] [mixin/]: Preparing modernfix-common.mixins.json (109)
[23Jul2025 20:53:14.457] [main/DEBUG] [ModernFix/]: No rules matched mixin 'perf.compact_mojang_registries.MappedRegistryMixin', treating as foreign and disabling!
[23Jul2025 20:53:14.510] [main/DEBUG] [net.minecraftforge.coremod.transformer.CoreModBaseTransformer/COREMOD]: Transforming net/minecraft/world/level/biome/Biome
[23Jul2025 20:53:14.547] [main/DEBUG] [mixin/]: Preparing modernfix-forge.mixins.json (59)
[23Jul2025 20:53:14.613] [main/DEBUG] [mixin/]: Preparing mixinextras.init.mixins.json (0)
[23Jul2025 20:53:14.613] [main/DEBUG] [mixin/]: Preparing architectury.mixins.json (9)
[23Jul2025 20:53:14.619] [main/DEBUG] [mixin/]: Preparing architectury-common.mixins.json (10)
[23Jul2025 20:53:14.621] [main/DEBUG] [net.minecraftforge.coremod.transformer.CoreModBaseTransformer/COREMOD]: Transforming net/minecraft/world/item/BucketItem
[23Jul2025 20:53:14.625] [main/ERROR] [net.minecraftforge.coremod.transformer.CoreModBaseTransformer/COREMOD]: Error occurred applying transform of coremod coremods/field_to_method.js function bucketitem
java.lang.IllegalStateException: Field f_40687_ is not private and an instance field
	at net.minecraftforge.coremod.api.ASMAPI.redirectFieldToMethod(ASMAPI.java:270) ~[coremods-5.1.6.jar%2354!/:?]
	at org.openjdk.nashorn.internal.scripts.Script$Recompilation$17$1965A$\^eval\_.initializeCoreMod#transformer-4(<eval>:52) ~[?:?]
	at org.openjdk.nashorn.internal.runtime.ScriptFunctionData.invoke(ScriptFunctionData.java:648) ~[nashorn-core-15.3.jar%2366!/:?]
	at org.openjdk.nashorn.internal.runtime.ScriptFunction.invoke(ScriptFunction.java:513) ~[nashorn-core-15.3.jar%2366!/:?]
	at org.openjdk.nashorn.internal.runtime.ScriptRuntime.apply(ScriptRuntime.java:520) ~[nashorn-core-15.3.jar%2366!/:?]
	at org.openjdk.nashorn.api.scripting.ScriptObjectMirror.call(ScriptObjectMirror.java:111) ~[nashorn-core-15.3.jar%2366!/:?]
	at net.minecraftforge.coremod.NashornFactory.lambda$getFunction$0(NashornFactory.java:22) ~[coremods-5.1.6.jar%2354!/:5.1.6]
	at net.minecraftforge.coremod.transformer.CoreModClassTransformer.runCoremod(CoreModClassTransformer.java:22) ~[coremods-5.1.6.jar%2354!/:?]
	at net.minecraftforge.coremod.transformer.CoreModClassTransformer.runCoremod(CoreModClassTransformer.java:14) ~[coremods-5.1.6.jar%2354!/:?]
	at net.minecraftforge.coremod.transformer.CoreModBaseTransformer.transform(CoreModBaseTransformer.java:42) ~[coremods-5.1.6.jar%2354!/:?]
	at cpw.mods.modlauncher.TransformerHolder.transform(TransformerHolder.java:41) ~[modlauncher-10.0.9.jar%2355!/:?]
	at cpw.mods.modlauncher.ClassTransformer.performVote(ClassTransformer.java:179) ~[modlauncher-10.0.9.jar%2355!/:?]
	at cpw.mods.modlauncher.ClassTransformer.transform(ClassTransformer.java:117) ~[modlauncher-10.0.9.jar%2355!/:?]
	at cpw.mods.modlauncher.TransformingClassLoader.maybeTransformClassBytes(TransformingClassLoader.java:50) ~[modlauncher-10.0.9.jar%2355!/:?]
	at cpw.mods.cl.ModuleClassLoader.getMaybeTransformedClassBytes(ModuleClassLoader.java:250) ~[securejarhandler-2.1.10.jar:?]
	at cpw.mods.modlauncher.TransformingClassLoader.buildTransformedClassNodeFor(TransformingClassLoader.java:58) ~[modlauncher-10.0.9.jar%2355!/:?]
	at cpw.mods.modlauncher.LaunchPluginHandler.lambda$announceLaunch$10(LaunchPluginHandler.java:100) ~[modlauncher-10.0.9.jar%2355!/:?]
	at org.spongepowered.asm.launch.MixinLaunchPluginLegacy.getClassNode(MixinLaunchPluginLegacy.java:222) ~[mixin-0.8.5.jar%2365!/:0.8.5+Jenkins-b310.git-155314e6e91465dad727e621a569906a410cd6f4]
	at org.spongepowered.asm.launch.MixinLaunchPluginLegacy.getClassNode(MixinLaunchPluginLegacy.java:207) ~[mixin-0.8.5.jar%2365!/:0.8.5+Jenkins-b310.git-155314e6e91465dad727e621a569906a410cd6f4]
	at org.spongepowered.asm.mixin.transformer.ClassInfo.forName(ClassInfo.java:2005) ~[mixin-0.8.5.jar%2365!/:0.8.5+Jenkins-b310.git-155314e6e91465dad727e621a569906a410cd6f4]
	at org.spongepowered.asm.mixin.transformer.MixinInfo.getTargetClass(MixinInfo.java:1017) ~[mixin-0.8.5.jar%2365!/:0.8.5+Jenkins-b310.git-155314e6e91465dad727e621a569906a410cd6f4]
	at org.spongepowered.asm.mixin.transformer.MixinInfo.readTargetClasses(MixinInfo.java:1007) ~[mixin-0.8.5.jar%2365!/:0.8.5+Jenkins-b310.git-155314e6e91465dad727e621a569906a410cd6f4]
	at org.spongepowered.asm.mixin.transformer.MixinInfo.parseTargets(MixinInfo.java:895) ~[mixin-0.8.5.jar%2365!/:0.8.5+Jenkins-b310.git-155314e6e91465dad727e621a569906a410cd6f4]
	at org.spongepowered.asm.mixin.transformer.MixinConfig.prepareMixins(MixinConfig.java:867) ~[mixin-0.8.5.jar%2365!/:0.8.5+Jenkins-b310.git-155314e6e91465dad727e621a569906a410cd6f4]
	at org.spongepowered.asm.mixin.transformer.MixinConfig.prepare(MixinConfig.java:775) ~[mixin-0.8.5.jar%2365!/:0.8.5+Jenkins-b310.git-155314e6e91465dad727e621a569906a410cd6f4]
	at org.spongepowered.asm.mixin.transformer.MixinProcessor.prepareConfigs(MixinProcessor.java:539) ~[mixin-0.8.5.jar%2365!/:0.8.5+Jenkins-b310.git-155314e6e91465dad727e621a569906a410cd6f4]
	at org.spongepowered.asm.mixin.transformer.MixinProcessor.select(MixinProcessor.java:462) ~[mixin-0.8.5.jar%2365!/:0.8.5+Jenkins-b310.git-155314e6e91465dad727e621a569906a410cd6f4]
	at org.spongepowered.asm.mixin.transformer.MixinProcessor.checkSelect(MixinProcessor.java:438) ~[mixin-0.8.5.jar%2365!/:0.8.5+Jenkins-b310.git-155314e6e91465dad727e621a569906a410cd6f4]
	at org.spongepowered.asm.mixin.transformer.MixinProcessor.applyMixins(MixinProcessor.java:290) ~[mixin-0.8.5.jar%2365!/:0.8.5+Jenkins-b310.git-155314e6e91465dad727e621a569906a410cd6f4]
	at org.spongepowered.asm.mixin.transformer.MixinTransformer.transformClass(MixinTransformer.java:250) ~[mixin-0.8.5.jar%2365!/:0.8.5+Jenkins-b310.git-155314e6e91465dad727e621a569906a410cd6f4]
	at org.spongepowered.asm.service.modlauncher.MixinTransformationHandler.processClass(MixinTransformationHandler.java:131) ~[mixin-0.8.5.jar%2365!/:0.8.5+Jenkins-b310.git-155314e6e91465dad727e621a569906a410cd6f4]
	at org.spongepowered.asm.launch.MixinLaunchPluginLegacy.processClass(MixinLaunchPluginLegacy.java:131) ~[mixin-0.8.5.jar%2365!/:0.8.5+Jenkins-b310.git-155314e6e91465dad727e621a569906a410cd6f4]
	at cpw.mods.modlauncher.serviceapi.ILaunchPluginService.processClassWithFlags(ILaunchPluginService.java:156) ~[modlauncher-10.0.9.jar%2355!/:10.0.9+10.0.9+main.dcd20f30]
	at cpw.mods.modlauncher.LaunchPluginHandler.offerClassNodeToPlugins(LaunchPluginHandler.java:88) ~[modlauncher-10.0.9.jar%2355!/:?]
	at cpw.mods.modlauncher.ClassTransformer.transform(ClassTransformer.java:120) ~[modlauncher-10.0.9.jar%2355!/:?]
	at cpw.mods.modlauncher.TransformingClassLoader.maybeTransformClassBytes(TransformingClassLoader.java:50) ~[modlauncher-10.0.9.jar%2355!/:?]
	at cpw.mods.cl.ModuleClassLoader.readerToClass(ModuleClassLoader.java:113) ~[securejarhandler-2.1.10.jar:?]
	at cpw.mods.cl.ModuleClassLoader.lambda$findClass$15(ModuleClassLoader.java:219) ~[securejarhandler-2.1.10.jar:?]
	at cpw.mods.cl.ModuleClassLoader.loadFromModule(ModuleClassLoader.java:229) ~[securejarhandler-2.1.10.jar:?]
	at cpw.mods.cl.ModuleClassLoader.findClass(ModuleClassLoader.java:219) ~[securejarhandler-2.1.10.jar:?]
	at java.lang.ClassLoader.loadClass(ClassLoader.java:637) ~[?:?]
	at java.lang.Class.forName(Class.java:545) ~[?:?]
	at net.minecraftforge.fml.loading.ImmediateWindowHandler$DummyProvider.lambda$updateModuleReads$1(ImmediateWindowHandler.java:145) ~[fmlloader-1.20.1-47.3.7.jar%2369!/:1.0]
	at java.util.Optional.map(Optional.java:260) ~[?:?]
	at net.minecraftforge.fml.loading.ImmediateWindowHandler$DummyProvider.updateModuleReads(ImmediateWindowHandler.java:145) ~[fmlloader-1.20.1-47.3.7.jar%2369!/:1.0]
	at net.minecraftforge.fml.loading.ImmediateWindowHandler.acceptGameLayer(ImmediateWindowHandler.java:71) ~[fmlloader-1.20.1-47.3.7.jar%2369!/:1.0]
	at net.minecraftforge.fml.loading.FMLLoader.beforeStart(FMLLoader.java:207) ~[fmlloader-1.20.1-47.3.7.jar%2369!/:1.0]
	at net.minecraftforge.fml.loading.targets.CommonLaunchHandler.launchService(CommonLaunchHandler.java:92) ~[fmlloader-1.20.1-47.3.7.jar%2369!/:?]
	at cpw.mods.modlauncher.LaunchServiceHandlerDecorator.launch(LaunchServiceHandlerDecorator.java:30) ~[modlauncher-10.0.9.jar%2355!/:?]
	at cpw.mods.modlauncher.LaunchServiceHandler.launch(LaunchServiceHandler.java:53) ~[modlauncher-10.0.9.jar%2355!/:?]
	at cpw.mods.modlauncher.LaunchServiceHandler.launch(LaunchServiceHandler.java:71) ~[modlauncher-10.0.9.jar%2355!/:?]
	at cpw.mods.modlauncher.Launcher.run(Launcher.java:108) ~[modlauncher-10.0.9.jar%2355!/:?]
	at cpw.mods.modlauncher.Launcher.main(Launcher.java:78) ~[modlauncher-10.0.9.jar%2355!/:?]
	at cpw.mods.modlauncher.BootstrapLaunchConsumer.accept(BootstrapLaunchConsumer.java:26) ~[modlauncher-10.0.9.jar%2355!/:?]
	at cpw.mods.modlauncher.BootstrapLaunchConsumer.accept(BootstrapLaunchConsumer.java:23) ~[modlauncher-10.0.9.jar%2355!/:?]
	at cpw.mods.bootstraplauncher.BootstrapLauncher.main(BootstrapLauncher.java:141) ~[bootstraplauncher-1.1.2.jar:?]
[23Jul2025 20:53:14.640] [main/DEBUG] [net.minecraftforge.coremod.transformer.CoreModBaseTransformer/COREMOD]: Transforming net/minecraft/world/entity/EntityType
[23Jul2025 20:53:14.717] [main/DEBUG] [net.minecraftforge.coremod.transformer.CoreModBaseTransformer/COREMOD]: Transforming net/minecraft/world/level/block/LiquidBlock
[23Jul2025 20:53:14.723] [main/DEBUG] [mixin/]: Preparing ferritecore.predicates.mixin.json (3)
[23Jul2025 20:53:14.723] [main/DEBUG] [mixin/]: Preparing ferritecore.fastmap.mixin.json (1)
[23Jul2025 20:53:14.725] [main/DEBUG] [mixin/]: Preparing ferritecore.mrl.mixin.json (2)
[23Jul2025 20:53:14.725] [main/DEBUG] [mixin/]: Preparing ferritecore.dedupmultipart.mixin.json (2)
[23Jul2025 20:53:14.725] [main/DEBUG] [mixin/]: Preparing ferritecore.blockstatecache.mixin.json (8)
[23Jul2025 20:53:14.732] [main/DEBUG] [mixin/]: @Mixin target net/minecraft/world/level/block/state/BlockBehaviour$BlockStateBase$Cache is public in ferritecore.blockstatecache.mixin.json:BlockStateCacheMixin and should be specified in value
[23Jul2025 20:53:14.736] [main/DEBUG] [mixin/]: Preparing ferritecore.dedupbakedquad.mixin.json (2)
[23Jul2025 20:53:14.736] [main/DEBUG] [mixin/]: Preparing ferritecore.threaddetec.mixin.json (1)
[23Jul2025 20:53:14.736] [main/DEBUG] [mixin/]: Preparing ferritecore.modelsides.mixin.json (1)
[23Jul2025 20:53:14.736] [main/DEBUG] [mixin/]: Preparing sodium-extra.mixins.json (45)
[23Jul2025 20:53:14.736] [main/DEBUG] [mixin/]: Preparing carryon.mixins.json (5)
[23Jul2025 20:53:14.742] [main/DEBUG] [mixin/]: Preparing carryon.forge.mixins.json (0)
[23Jul2025 20:53:14.742] [main/DEBUG] [mixin/]: Preparing azurelib.mixins.json (0)
[23Jul2025 20:53:14.742] [main/DEBUG] [mixin/]: Preparing azurelib.forge.mixins.json (12)
[23Jul2025 20:53:14.747] [main/DEBUG] [net.minecraftforge.coremod.transformer.CoreModBaseTransformer/COREMOD]: Transforming net/minecraft/world/item/ItemStack
[23Jul2025 20:53:14.762] [main/DEBUG] [mixin/]: Preparing lodestone.mixins.json (16)
[23Jul2025 20:53:14.766] [main/WARN] [mixin/]: Error loading class: dev/shadowsoffire/attributeslib/client/AttributesLibClient (java.lang.ClassNotFoundException: dev.shadowsoffire.attributeslib.client.AttributesLibClient)
[23Jul2025 20:53:14.766] [main/DEBUG] [mixin/]: Skipping virtual target dev.shadowsoffire.attributeslib.client.AttributesLibClient for lodestone.mixins.json:common.attributeslib.AttributeLibClientMixin
[23Jul2025 20:53:14.766] [main/DEBUG] [mixin/]: Preparing embeddium.mixins.json (0)
[23Jul2025 20:53:14.766] [main/DEBUG] [mixin/]: Preparing jcraft.mixins.json (115)
[23Jul2025 20:53:14.882] [main/DEBUG] [mixin/]: Preparing jcraft-forge.mixins.json (12)
[23Jul2025 20:53:14.887] [main/DEBUG] [mixin/]: Preparing trimmed.forge.mixins.json (2)
[23Jul2025 20:53:14.887] [main/DEBUG] [mixin/]: Preparing trimmed.mixins.json (5)
[23Jul2025 20:53:15.256] [main/DEBUG] [mixin/]: Prepared 323 mixins in 2.597 sec (8.0ms avg) (0ms load, 0ms transform, 0ms plugin)
[23Jul2025 20:53:15.269] [main/INFO] [MixinExtras|Service/]: Initializing MixinExtras via com.llamalad7.mixinextras.service.MixinExtrasServiceImpl(version=0.4.1).
[23Jul2025 20:53:15.270] [main/DEBUG] [mixin/]: Registering new injector for @SugarWrapper with com.llamalad7.mixinextras.sugar.impl.SugarWrapperInjectionInfo
[23Jul2025 20:53:15.270] [main/DEBUG] [mixin/]: Registering new injector for @FactoryRedirectWrapper with com.llamalad7.mixinextras.wrapper.factory.FactoryRedirectWrapperInjectionInfo
[23Jul2025 20:53:15.274] [main/DEBUG] [mixin/]: Mixing perf.fix_loop_spin_waiting.MinecraftServerMixin from modernfix-common.mixins.json into net.minecraft.server.MinecraftServer
[23Jul2025 20:53:15.288] [main/DEBUG] [mixin/]: Mixing core.MinecraftServerMixin from modernfix-common.mixins.json into net.minecraft.server.MinecraftServer
[23Jul2025 20:53:15.289] [main/DEBUG] [mixin/]: Mixing perf.dedicated_reload_executor.MinecraftServerMixin from modernfix-common.mixins.json into net.minecraft.server.MinecraftServer
[23Jul2025 20:53:15.290] [main/DEBUG] [mixin/]: Mixing core.MinecraftServerMixin from modernfix-forge.mixins.json into net.minecraft.server.MinecraftServer
[23Jul2025 20:53:15.291] [main/DEBUG] [mixin/]: Renaming synthetic method lambda$mfix$endReloadTrack$0(Ljava/lang/Void;)V to md66b7c5$lambda$mfix$endReloadTrack$0$0 in modernfix-forge.mixins.json:core.MinecraftServerMixin
[23Jul2025 20:53:15.300] [main/DEBUG] [mixin/]: Mixing MinecraftServerAccessor from jcraft.mixins.json into net.minecraft.server.MinecraftServer
[23Jul2025 20:53:15.490] [main/DEBUG] [io.netty.util.internal.logging.InternalLoggerFactory/]: Using SLF4J as the default logging framework
[23Jul2025 20:53:15.492] [main/DEBUG] [io.netty.util.ResourceLeakDetector/]: -Dio.netty.leakDetection.level: simple
[23Jul2025 20:53:15.492] [main/DEBUG] [io.netty.util.ResourceLeakDetector/]: -Dio.netty.leakDetection.targetRecords: 4
[23Jul2025 20:53:15.650] [main/DEBUG] [mixin/]: Mixing perf.tag_id_caching.TagOrElementLocationMixin from modernfix-forge.mixins.json into net.minecraft.util.ExtraCodecs$TagOrElementLocation
[23Jul2025 20:53:15.773] [main/DEBUG] [oshi.util.FileUtil/]: No oshi.properties file found from ClassLoader cpw.mods.modlauncher.TransformingClassLoader@361abd01
[23Jul2025 20:53:15.773] [main/DEBUG] [oshi.util.FileUtil/]: No oshi.properties file found from ClassLoader jdk.internal.loader.ClassLoaders$AppClassLoader@76ed5528
[23Jul2025 20:53:15.896] [main/DEBUG] [oshi.util.FileUtil/]: Reading file /proc/self/auxv
[23Jul2025 20:53:15.897] [main/DEBUG] [oshi.util.FileUtil/]: Reading file /proc/self/auxv
[23Jul2025 20:53:15.901] [main/DEBUG] [oshi.util.FileUtil/]: Reading file /proc/stat
[23Jul2025 20:53:15.908] [main/DEBUG] [oshi.util.FileUtil/]: Reading file /sys/devices/system/cpu/cpu0/topology/core_id
[23Jul2025 20:53:15.908] [main/DEBUG] [oshi.util.FileUtil/]: Reading file /sys/devices/system/cpu/cpu0/topology/core_id
[23Jul2025 20:53:15.908] [main/DEBUG] [oshi.util.FileUtil/]: Reading file /sys/devices/system/cpu/cpu0/topology/physical_package_id
[23Jul2025 20:53:15.909] [main/DEBUG] [oshi.util.FileUtil/]: Reading file /sys/devices/system/cpu/cpu0/topology/physical_package_id
[23Jul2025 20:53:15.909] [main/DEBUG] [oshi.util.FileUtil/]: Reading file /sys/devices/system/cpu/cpu0/cpu_capacity
[23Jul2025 20:53:15.910] [main/DEBUG] [oshi.util.FileUtil/]: Reading file /sys/devices/system/cpu/cpu1/topology/core_id
[23Jul2025 20:53:15.910] [main/DEBUG] [oshi.util.FileUtil/]: Reading file /sys/devices/system/cpu/cpu1/topology/core_id
[23Jul2025 20:53:15.911] [main/DEBUG] [oshi.util.FileUtil/]: Reading file /sys/devices/system/cpu/cpu1/topology/physical_package_id
[23Jul2025 20:53:15.911] [main/DEBUG] [oshi.util.FileUtil/]: Reading file /sys/devices/system/cpu/cpu1/topology/physical_package_id
[23Jul2025 20:53:15.911] [main/DEBUG] [oshi.util.FileUtil/]: Reading file /sys/devices/system/cpu/cpu1/cpu_capacity
[23Jul2025 20:53:15.911] [main/DEBUG] [oshi.util.FileUtil/]: Reading file /sys/devices/system/cpu/cpu2/topology/core_id
[23Jul2025 20:53:15.912] [main/DEBUG] [oshi.util.FileUtil/]: Reading file /sys/devices/system/cpu/cpu2/topology/core_id
[23Jul2025 20:53:15.912] [main/DEBUG] [oshi.util.FileUtil/]: Reading file /sys/devices/system/cpu/cpu2/topology/physical_package_id
[23Jul2025 20:53:15.912] [main/DEBUG] [oshi.util.FileUtil/]: Reading file /sys/devices/system/cpu/cpu2/topology/physical_package_id
[23Jul2025 20:53:15.912] [main/DEBUG] [oshi.util.FileUtil/]: Reading file /sys/devices/system/cpu/cpu2/cpu_capacity
[23Jul2025 20:53:15.912] [main/DEBUG] [oshi.util.FileUtil/]: Reading file /sys/devices/system/cpu/cpu3/topology/core_id
[23Jul2025 20:53:15.912] [main/DEBUG] [oshi.util.FileUtil/]: Reading file /sys/devices/system/cpu/cpu3/topology/core_id
[23Jul2025 20:53:15.913] [main/DEBUG] [oshi.util.FileUtil/]: Reading file /sys/devices/system/cpu/cpu3/topology/physical_package_id
[23Jul2025 20:53:15.913] [main/DEBUG] [oshi.util.FileUtil/]: Reading file /sys/devices/system/cpu/cpu3/topology/physical_package_id
[23Jul2025 20:53:15.913] [main/DEBUG] [oshi.util.FileUtil/]: Reading file /sys/devices/system/cpu/cpu3/cpu_capacity
[23Jul2025 20:53:15.914] [main/DEBUG] [oshi.util.FileUtil/]: Reading file /proc/cpuinfo
[23Jul2025 20:53:15.923] [main/DEBUG] [oshi.util.FileUtil/]: Reading file /proc/self/auxv
[23Jul2025 20:53:15.925] [main/DEBUG] [oshi.util.FileUtil/]: No oshi.architecture.properties file found from ClassLoader cpw.mods.modlauncher.TransformingClassLoader@361abd01
[23Jul2025 20:53:15.925] [main/DEBUG] [oshi.util.FileUtil/]: No oshi.architecture.properties file found from ClassLoader jdk.internal.loader.ClassLoaders$AppClassLoader@76ed5528
[23Jul2025 20:53:15.941] [main/DEBUG] [oshi.util.FileUtil/]: Reading file /proc/meminfo
[23Jul2025 20:53:15.942] [main/DEBUG] [oshi.util.FileUtil/]: Reading file /proc/meminfo
[23Jul2025 20:53:15.945] [main/DEBUG] [mixin/]: Mixing perf.thread_priorities.UtilMixin from modernfix-common.mixins.json into net.minecraft.Util
[23Jul2025 20:53:15.945] [main/DEBUG] [mixin/]: Renaming synthetic method lambda$adjustPriorityOfThreadFactory$0(Ljava/util/concurrent/ForkJoinPool$ForkJoinWorkerThreadFactory;Ljava/util/concurrent/ForkJoinPool;)Ljava/util/concurrent/ForkJoinWorkerThread; to md66b7c5$lambda$adjustPriorityOfThreadFactory$0$0 in modernfix-common.mixins.json:perf.thread_priorities.UtilMixin
[23Jul2025 20:53:15.986] [main/DEBUG] [mixin/]: Mixing feature.measure_time.BootstrapMixin from modernfix-common.mixins.json into net.minecraft.server.Bootstrap
[23Jul2025 20:53:15.990] [main/DEBUG] [mixin/]: Mixing core.BootstrapMixin from modernfix-forge.mixins.json into net.minecraft.server.Bootstrap
[23Jul2025 20:53:16.006] [main/INFO] [net.minecraft.server.Bootstrap/]: ModernFix reached bootstrap stage (17.06 s after launch)
[23Jul2025 20:53:16.008] [main/DEBUG] [mixin/]: Mixing MixinBuiltInRegistries from terrablender.mixins.json into net.minecraft.core.registries.BuiltInRegistries
[23Jul2025 20:53:16.009] [main/DEBUG] [mixin/]: Renaming synthetic method lambda$registerSimple$0(Lnet/minecraft/core/registries/BuiltInRegistries$RegistryBootstrap;Lnet/minecraft/core/Registry;)Ljava/lang/Object; to md66b7c5$lambda$registerSimple$0$0 in terrablender.mixins.json:MixinBuiltInRegistries
[23Jul2025 20:53:16.022] [main/DEBUG] [mixin/]: Mixing bugfix.concurrency.MappedRegistryMixin from modernfix-common.mixins.json into net.minecraft.core.MappedRegistry
[23Jul2025 20:53:16.027] [main/DEBUG] [mixin/]: Mixing perf.mojang_registry_size.MappedRegistryMixin from modernfix-common.mixins.json into net.minecraft.core.MappedRegistry
[23Jul2025 20:53:16.045] [main/DEBUG] [mixin/]: Mixing perf.mojang_registry_size.ResourceKeyMixin from modernfix-common.mixins.json into net.minecraft.resources.ResourceKey
[23Jul2025 20:53:16.045] [main/DEBUG] [mixin/]: Renaming synthetic method lambda$createEfficient$0(Lnet/minecraft/resources/ResourceLocation;)Ljava/util/Map; to md66b7c5$lambda$createEfficient$0$0 in modernfix-common.mixins.json:perf.mojang_registry_size.ResourceKeyMixin
[23Jul2025 20:53:16.192] [main/DEBUG] [mixin/]: Mixing inject.MixinGameEvent from architectury-common.mixins.json into net.minecraft.world.level.gameevent.GameEvent
[23Jul2025 20:53:16.200] [main/DEBUG] [mixin/]: Mixing perf.reduce_blockstate_cache_rebuilds.GameDataMixin from modernfix-forge.mixins.json into net.minecraftforge.registries.GameData
[23Jul2025 20:53:16.215] [main/DEBUG] [mixin/]: Mixing perf.forge_registry_alloc.ForgeRegistryMixin from modernfix-forge.mixins.json into net.minecraftforge.registries.ForgeRegistry
[23Jul2025 20:53:16.227] [main/DEBUG] [mixin/]: Mixing perf.fast_registry_validation.ForgeRegistryMixin from modernfix-forge.mixins.json into net.minecraftforge.registries.ForgeRegistry
[23Jul2025 20:53:16.233] [main/WARN] [mixin/]: @Final field delegatesByName:Ljava/util/Map; in modernfix-forge.mixins.json:perf.forge_registry_alloc.ForgeRegistryMixin should be final
[23Jul2025 20:53:16.234] [main/WARN] [mixin/]: @Final field delegatesByValue:Ljava/util/Map; in modernfix-forge.mixins.json:perf.forge_registry_alloc.ForgeRegistryMixin should be final
[23Jul2025 20:53:16.265] [main/DEBUG] [mixin/]: Mixing perf.reduce_blockstate_cache_rebuilds.BlockCallbacksMixin from modernfix-forge.mixins.json into net.minecraftforge.registries.GameData$BlockCallbacks
[23Jul2025 20:53:16.272] [main/DEBUG] [mixin/]: Mixing perf.forge_registry_alloc.DelegateHolderMixin from modernfix-forge.mixins.json into net.minecraft.world.level.block.Block
[23Jul2025 20:53:16.273] [main/DEBUG] [mixin/]: Mixing inject.MixinBlock from architectury-common.mixins.json into net.minecraft.world.level.block.Block
[23Jul2025 20:53:16.286] [main/DEBUG] [mixin/]: Mixing bugfix.chunk_deadlock.BlockStateBaseMixin from modernfix-common.mixins.json into net.minecraft.world.level.block.state.BlockBehaviour$BlockStateBase
[23Jul2025 20:53:16.287] [main/DEBUG] [mixin/]: Mixing compat116plus.AbstractBlockStateMixin from pehkui.mixins.json into net.minecraft.world.level.block.state.BlockBehaviour$BlockStateBase
[23Jul2025 20:53:16.288] [main/DEBUG] [mixin/]: Mixing perf.reduce_blockstate_cache_rebuilds.BlockStateBaseMixin from modernfix-common.mixins.json into net.minecraft.world.level.block.state.BlockBehaviour$BlockStateBase
[23Jul2025 20:53:16.294] [main/DEBUG] [mixin/]: Mixing BlockStateBaseMixin from ferritecore.blockstatecache.mixin.json into net.minecraft.world.level.block.state.BlockBehaviour$BlockStateBase
[23Jul2025 20:53:16.319] [main/DEBUG] [mixin/]: Mixing FastMapStateHolderMixin from ferritecore.fastmap.mixin.json into net.minecraft.world.level.block.state.StateHolder
[23Jul2025 20:53:16.331] [main/DEBUG] [mixin/]: Mixing perf.model_optimizations.PropertyMixin from modernfix-common.mixins.json into net.minecraft.world.level.block.state.properties.Property
[23Jul2025 20:53:16.346] [main/DEBUG] [mixin/]: Mixing EntityMixin from pehkui.mixins.json into net.minecraft.world.entity.Entity
[23Jul2025 20:53:16.364] [main/DEBUG] [mixin/]: Mixing ThreadSafeScaledEntityMixin from pehkui.mixins.json into net.minecraft.world.entity.Entity
[23Jul2025 20:53:16.370] [main/DEBUG] [mixin/]: Mixing compat117plus.EntityCalculateDimensionsMixin from pehkui.mixins.json into net.minecraft.world.entity.Entity
[23Jul2025 20:53:16.370] [main/DEBUG] [mixin/]: Renaming synthetic method lambda$pehkui$calculateDimensions$0(Lnet/minecraft/world/entity/Entity;DLnet/minecraft/world/phys/Vec3;)V to md66b7c5$lambda$pehkui$calculateDimensions$0$0 in pehkui.mixins.json:compat117plus.EntityCalculateDimensionsMixin
[23Jul2025 20:53:16.382] [main/DEBUG] [mixin/]: Mixing compat117plus.EntityMixin from pehkui.mixins.json into net.minecraft.world.entity.Entity
[23Jul2025 20:53:16.386] [main/DEBUG] [mixin/]: Mixing compat1204minus.compat116plus.EntityMixin from pehkui.mixins.json into net.minecraft.world.entity.Entity
[23Jul2025 20:53:16.386] [main/DEBUG] [mixin/]: Mixing compat120plus.EntityMixin from pehkui.mixins.json into net.minecraft.world.entity.Entity
[23Jul2025 20:53:16.387] [main/DEBUG] [mixin/]: Mixing step_height.compat1194plus.EntityMixin from pehkui.mixins.json into net.minecraft.world.entity.Entity
[23Jul2025 20:53:16.388] [main/DEBUG] [mixin/]: Mixing bugfix.chunk_deadlock.EntityMixin from modernfix-common.mixins.json into net.minecraft.world.entity.Entity
[23Jul2025 20:53:16.390] [main/DEBUG] [mixin/]: Mixing EntityMixin from carryon.mixins.json into net.minecraft.world.entity.Entity
[23Jul2025 20:53:16.400] [main/DEBUG] [mixin/]: Mixing common.EntityMixin from lodestone.mixins.json into net.minecraft.world.entity.Entity
[23Jul2025 20:53:16.404] [main/DEBUG] [mixin/]: Mixing EntityMixin from jcraft.mixins.json into net.minecraft.world.entity.Entity
[23Jul2025 20:53:16.414] [main/DEBUG] [mixin/]: Mixing gravity.EntityMixin from jcraft.mixins.json into net.minecraft.world.entity.Entity
[23Jul2025 20:53:16.437] [main/DEBUG] [mixin/]: Mixing EntityMixin from jcraft-forge.mixins.json into net.minecraft.world.entity.Entity
[23Jul2025 20:53:16.437] [main/DEBUG] [mixin/]: jcraft-forge.mixins.json:EntityMixin: Class version 61 required is higher than the class version supported by the current version of Mixin (JAVA_8 supports class version 52)
[23Jul2025 20:53:16.438] [main/DEBUG] [mixin/]: Mixing gravity.EntityMixin from jcraft-forge.mixins.json into net.minecraft.world.entity.Entity
[23Jul2025 20:53:16.438] [main/DEBUG] [mixin/]: jcraft-forge.mixins.json:gravity.EntityMixin: Class version 61 required is higher than the class version supported by the current version of Mixin (JAVA_8 supports class version 52)
[23Jul2025 20:53:16.696] [main/DEBUG] [mixin/]: Mixing step_height.IForgeEntityMixin from pehkui.mixins.json into net.minecraftforge.common.extensions.IForgeEntity
[23Jul2025 20:53:16.725] [main/DEBUG] [mixin/]: Mixing LivingEntityMixin from pehkui.mixins.json into net.minecraft.world.entity.LivingEntity
[23Jul2025 20:53:16.726] [main/DEBUG] [mixin/]: Renaming synthetic method lambda$pehkui$tickMovement$minVelocity$0(I)Z to md66b7c5$lambda$pehkui$tickMovement$minVelocity$0$0 in pehkui.mixins.json:LivingEntityMixin
[23Jul2025 20:53:16.750] [main/DEBUG] [mixin/]: Mixing compat117plus.LivingEntityMixin from pehkui.mixins.json into net.minecraft.world.entity.LivingEntity
[23Jul2025 20:53:16.752] [main/DEBUG] [mixin/]: Mixing compat1194plus.LivingEntityMixin from pehkui.mixins.json into net.minecraft.world.entity.LivingEntity
[23Jul2025 20:53:16.753] [main/DEBUG] [mixin/]: Mixing compat1204minus.LivingEntityMixin from pehkui.mixins.json into net.minecraft.world.entity.LivingEntity
[23Jul2025 20:53:16.757] [main/DEBUG] [mixin/]: Mixing perf.forge_cap_retrieval.LivingEntityMixin from modernfix-forge.mixins.json into net.minecraft.world.entity.LivingEntity
[23Jul2025 20:53:16.758] [main/DEBUG] [mixin/]: Mixing common.LivingEntityMixin from lodestone.mixins.json into net.minecraft.world.entity.LivingEntity
[23Jul2025 20:53:16.760] [main/DEBUG] [mixin/]: Mixing LivingEntityInvoker from jcraft.mixins.json into net.minecraft.world.entity.LivingEntity
[23Jul2025 20:53:16.760] [main/DEBUG] [mixin/]: Mixing LivingEntityMixin from jcraft.mixins.json into net.minecraft.world.entity.LivingEntity
[23Jul2025 20:53:16.797] [main/DEBUG] [mixin/]: Mixing gravity.LivingEntityMixin from jcraft.mixins.json into net.minecraft.world.entity.LivingEntity
[23Jul2025 20:53:16.861] [main/DEBUG] [mixin/]: Mixing compat115plus.LivingEntityMixin from pehkui.mixins.json into net.minecraft.world.entity.LivingEntity
[23Jul2025 20:53:17.124] [main/DEBUG] [mixin/]: Mixing perf.model_optimizations.BooleanPropertyMixin from modernfix-common.mixins.json into net.minecraft.world.level.block.state.properties.BooleanProperty
[23Jul2025 20:53:17.130] [main/DEBUG] [mixin/]: Mixing ItemEntityMixin from pehkui.mixins.json into net.minecraft.world.entity.item.ItemEntity
[23Jul2025 20:53:17.149] [main/DEBUG] [mixin/]: Mixing reach.PlayerEntityMixin from pehkui.mixins.json into net.minecraft.world.entity.player.Player
[23Jul2025 20:53:17.150] [main/DEBUG] [mixin/]: Mixing PlayerEntityMixin from pehkui.mixins.json into net.minecraft.world.entity.player.Player
[23Jul2025 20:53:17.159] [main/DEBUG] [mixin/]: Mixing compat117plus.PlayerEntityMixin from pehkui.mixins.json into net.minecraft.world.entity.player.Player
[23Jul2025 20:53:17.160] [main/DEBUG] [mixin/]: Mixing compat1194plus.PlayerEntityMixin from pehkui.mixins.json into net.minecraft.world.entity.player.Player
[23Jul2025 20:53:17.161] [main/DEBUG] [mixin/]: Mixing compat1201minus.EntityVehicleHeightOffsetMixin from pehkui.mixins.json into net.minecraft.world.entity.player.Player
[23Jul2025 20:53:17.165] [main/DEBUG] [mixin/]: Mixing compat1204minus.PlayerEntityMixin from pehkui.mixins.json into net.minecraft.world.entity.player.Player
[23Jul2025 20:53:17.167] [main/DEBUG] [mixin/]: Mixing PlayerMixin from carryon.mixins.json into net.minecraft.world.entity.player.Player
[23Jul2025 20:53:17.171] [main/DEBUG] [mixin/]: Mixing PlayerEntityMixin from jcraft.mixins.json into net.minecraft.world.entity.player.Player
[23Jul2025 20:53:17.189] [main/DEBUG] [mixin/]: Mixing gravity.PlayerEntityMixin from jcraft.mixins.json into net.minecraft.world.entity.player.Player
[23Jul2025 20:53:17.338] [main/DEBUG] [mixin/]: Mixing reach.IForgePlayerMixin from pehkui.mixins.json into net.minecraftforge.common.extensions.IForgePlayer
[23Jul2025 20:53:17.359] [main/DEBUG] [mixin/]: Mixing WorldMixin from jcraft.mixins.json into net.minecraft.world.level.Level
[23Jul2025 20:53:17.368] [main/DEBUG] [mixin/]: Mixing TimestopBlockMixin from jcraft-forge.mixins.json into net.minecraft.world.level.LevelAccessor
[23Jul2025 20:53:17.369] [main/DEBUG] [mixin/]: jcraft-forge.mixins.json:TimestopBlockMixin: Class version 61 required is higher than the class version supported by the current version of Mixin (JAVA_8 supports class version 52)
[23Jul2025 20:53:17.398] [main/DEBUG] [mixin/]: Mixing compat117plus.ServerWorldMixin from pehkui.mixins.json into net.minecraft.server.level.ServerLevel
[23Jul2025 20:53:17.405] [main/DEBUG] [mixin/]: Mixing bugfix.chunk_deadlock.ServerLevelMixin from modernfix-common.mixins.json into net.minecraft.server.level.ServerLevel
[23Jul2025 20:53:17.406] [main/DEBUG] [mixin/]: Mixing perf.cache_strongholds.ServerLevelMixin from modernfix-common.mixins.json into net.minecraft.server.level.ServerLevel
[23Jul2025 20:53:17.411] [main/DEBUG] [mixin/]: Mixing perf.faster_structure_location.ServerLevelMixin from modernfix-common.mixins.json into net.minecraft.server.level.ServerLevel
[23Jul2025 20:53:17.412] [main/DEBUG] [mixin/]: Mixing ServerWorldMixin from jcraft.mixins.json into net.minecraft.server.level.ServerLevel
[23Jul2025 20:53:17.556] [main/DEBUG] [mixin/]: Mixing bugfix.concurrency.NamespacedWrapperMixin from modernfix-forge.mixins.json into net.minecraftforge.registries.NamespacedWrapper
[23Jul2025 20:53:17.560] [main/DEBUG] [mixin/]: Mixing perf.fast_forge_dummies.NamespacedHolderHelperMixin from modernfix-forge.mixins.json into net.minecraftforge.registries.NamespacedWrapper
[23Jul2025 20:53:17.589] [main/DEBUG] [mixin/]: Mixing inject.MixinFluid from architectury-common.mixins.json into net.minecraft.world.level.material.Fluid
[23Jul2025 20:53:17.593] [main/DEBUG] [mixin/]: Mixing reach.compat1204minus.compat116plus.ItemMixin from pehkui.mixins.json into net.minecraft.world.item.Item
[23Jul2025 20:53:17.593] [main/DEBUG] [mixin/]: Mixing perf.forge_registry_alloc.DelegateHolderMixin from modernfix-forge.mixins.json into net.minecraft.world.item.Item
[23Jul2025 20:53:17.594] [main/DEBUG] [mixin/]: Mixing inject.MixinItem from architectury-common.mixins.json into net.minecraft.world.item.Item
[23Jul2025 20:53:17.596] [main/DEBUG] [mixin/]: Mixing LongUseItemMixin from jcraft.mixins.json into net.minecraft.world.item.Item
[23Jul2025 20:53:17.597] [main/DEBUG] [mixin/]: Mixing gravity.ItemMixin from jcraft.mixins.json into net.minecraft.world.item.Item
[23Jul2025 20:53:17.609] [main/DEBUG] [mixin/]: Mixing compat117plus.patchwork.compat.IForgeItemMixin from pehkui.mixins.json into net.minecraftforge.common.extensions.IForgeItem
[23Jul2025 20:53:17.617] [main/DEBUG] [net.minecraftforge.coremod.transformer.CoreModBaseTransformer/COREMOD]: Transforming net/minecraft/world/entity/EntityType
[23Jul2025 20:53:17.687] [main/DEBUG] [mixin/]: Mixing inject.MixinEntityType from architectury-common.mixins.json into net.minecraft.world.entity.EntityType
[23Jul2025 20:53:17.688] [main/DEBUG] [mixin/]: Mixing EntityTypeAccessor from jcraft.mixins.json into net.minecraft.world.entity.EntityType
[23Jul2025 20:53:17.688] [main/DEBUG] [mixin/]: Mixing EntityTypeMixin from jcraft.mixins.json into net.minecraft.world.entity.EntityType
[23Jul2025 20:53:17.767] [main/DEBUG] [mixin/]: Mixing perf.dynamic_dfu.BlockEntityTypeMixin from modernfix-common.mixins.json into net.minecraft.world.level.block.entity.BlockEntityType
[23Jul2025 20:53:17.849] [main/DEBUG] [mixin/]: Mixing perf.memoize_creative_tab_build.CreativeModeTabMixin from modernfix-common.mixins.json into net.minecraft.world.item.CreativeModeTab
[23Jul2025 20:53:17.874] [main/DEBUG] [mixin/]: Mixing gravity.DirectionMixin from jcraft.mixins.json into net.minecraft.core.Direction
[23Jul2025 20:53:17.968] [main/DEBUG] [mixin/]: Mixing DiscreteVSAccess from ferritecore.blockstatecache.mixin.json into net.minecraft.world.phys.shapes.DiscreteVoxelShape
[23Jul2025 20:53:17.971] [main/DEBUG] [mixin/]: Mixing BitSetDVSAccess from ferritecore.blockstatecache.mixin.json into net.minecraft.world.phys.shapes.BitSetDiscreteVoxelShape
[23Jul2025 20:53:17.974] [main/DEBUG] [mixin/]: Mixing VoxelShapeAccess from ferritecore.blockstatecache.mixin.json into net.minecraft.world.phys.shapes.VoxelShape
[23Jul2025 20:53:17.977] [main/DEBUG] [mixin/]: Mixing ArrayVSAccess from ferritecore.blockstatecache.mixin.json into net.minecraft.world.phys.shapes.ArrayVoxelShape
[23Jul2025 20:53:17.979] [main/DEBUG] [mixin/]: Mixing SliceShapeAccess from ferritecore.blockstatecache.mixin.json into net.minecraft.world.phys.shapes.SliceShape
[23Jul2025 20:53:18.159] [main/DEBUG] [mixin/]: Mixing perf.reduce_blockstate_cache_rebuilds.BlocksMixin from modernfix-common.mixins.json into net.minecraft.world.level.block.Blocks
[23Jul2025 20:53:18.160] [main/DEBUG] [mixin/]: Renaming synthetic method lambda$getEmptyConsumer$0(Ljava/lang/Object;)V to md66b7c5$lambda$getEmptyConsumer$0$0 in modernfix-common.mixins.json:perf.reduce_blockstate_cache_rebuilds.BlocksMixin
[23Jul2025 20:53:18.201] [main/DEBUG] [net.minecraftforge.coremod.transformer.CoreModBaseTransformer/COREMOD]: Transforming net/minecraft/world/level/block/LiquidBlock
[23Jul2025 20:53:18.201] [main/DEBUG] [mixin/]: Mixing inject.MixinLiquidBlock from architectury-common.mixins.json into net.minecraft.world.level.block.LiquidBlock
[23Jul2025 20:53:18.212] [main/DEBUG] [mixin/]: Mixing BedBlockMixin from jcraft.mixins.json into net.minecraft.world.level.block.BedBlock
[23Jul2025 20:53:18.228] [main/DEBUG] [net.minecraftforge.coremod.transformer.CoreModBaseTransformer/COREMOD]: Transforming net/minecraft/world/level/block/StairBlock
[23Jul2025 20:53:18.254] [main/DEBUG] [mixin/]: Mixing PortalBlockMixin from pehkui.mixins.json into net.minecraft.world.level.block.NetherPortalBlock
[23Jul2025 20:53:18.256] [main/DEBUG] [mixin/]: Mixing NetherPortalBlockMixin from jcraft.mixins.json into net.minecraft.world.level.block.NetherPortalBlock
[23Jul2025 20:53:18.273] [main/DEBUG] [mixin/]: Mixing EndPortalBlockMixin from jcraft.mixins.json into net.minecraft.world.level.block.EndPortalBlock
[23Jul2025 20:53:18.280] [main/DEBUG] [mixin/]: Mixing perf.deduplicate_wall_shapes.WallBlockMixin from modernfix-common.mixins.json into net.minecraft.world.level.block.WallBlock
[23Jul2025 20:53:18.296] [main/DEBUG] [net.minecraftforge.coremod.transformer.CoreModBaseTransformer/COREMOD]: Transforming net/minecraft/world/level/block/FlowerPotBlock
[23Jul2025 20:53:18.350] [main/DEBUG] [mixin/]: Mixing RespawnAnchorBlockMixin from jcraft.mixins.json into net.minecraft.world.level.block.RespawnAnchorBlock
[23Jul2025 20:53:18.364] [main/DEBUG] [mixin/]: Mixing gravity.PointedDripstoneBlockMixin from jcraft.mixins.json into net.minecraft.world.level.block.PointedDripstoneBlock
[23Jul2025 20:53:18.395] [main/DEBUG] [mixin/]: Mixing perf.state_definition_construct.StateDefinitionMixin from modernfix-common.mixins.json into net.minecraft.world.level.block.state.StateDefinition
[23Jul2025 20:53:18.645] [main/INFO] [net.minecraft.server.Bootstrap/]: Vanilla bootstrap took 2636 milliseconds
[23Jul2025 20:53:18.659] [main/DEBUG] [io.netty.util.internal.PlatformDependent0/]: -Dio.netty.noUnsafe: false
[23Jul2025 20:53:18.659] [main/DEBUG] [io.netty.util.internal.PlatformDependent0/]: Java version: 17
[23Jul2025 20:53:18.659] [main/DEBUG] [io.netty.util.internal.PlatformDependent0/]: sun.misc.Unsafe.theUnsafe: available
[23Jul2025 20:53:18.660] [main/DEBUG] [io.netty.util.internal.PlatformDependent0/]: sun.misc.Unsafe.copyMemory: available
[23Jul2025 20:53:18.660] [main/DEBUG] [io.netty.util.internal.PlatformDependent0/]: sun.misc.Unsafe.storeFence: available
[23Jul2025 20:53:18.660] [main/DEBUG] [io.netty.util.internal.PlatformDependent0/]: java.nio.Buffer.address: available
[23Jul2025 20:53:18.661] [main/DEBUG] [io.netty.util.internal.PlatformDependent0/]: direct buffer constructor: unavailable
java.lang.UnsupportedOperationException: Reflective setAccessible(true) disabled
	at io.netty.util.internal.ReflectionUtil.trySetAccessible(ReflectionUtil.java:31) ~[netty-common-4.1.82.Final.jar%2382!/:4.1.82.Final]
	at io.netty.util.internal.PlatformDependent0$5.run(PlatformDependent0.java:288) ~[netty-common-4.1.82.Final.jar%2382!/:4.1.82.Final]
	at java.security.AccessController.doPrivileged(AccessController.java:318) ~[?:?]
	at io.netty.util.internal.PlatformDependent0.<clinit>(PlatformDependent0.java:282) ~[netty-common-4.1.82.Final.jar%2382!/:4.1.82.Final]
	at io.netty.util.internal.PlatformDependent.isAndroid(PlatformDependent.java:333) ~[netty-common-4.1.82.Final.jar%2382!/:4.1.82.Final]
	at io.netty.util.internal.PlatformDependent.<clinit>(PlatformDependent.java:88) ~[netty-common-4.1.82.Final.jar%2382!/:4.1.82.Final]
	at io.netty.util.ConstantPool.<init>(ConstantPool.java:34) ~[netty-common-4.1.82.Final.jar%2382!/:4.1.82.Final]
	at io.netty.util.AttributeKey$1.<init>(AttributeKey.java:27) ~[netty-common-4.1.82.Final.jar%2382!/:4.1.82.Final]
	at io.netty.util.AttributeKey.<clinit>(AttributeKey.java:27) ~[netty-common-4.1.82.Final.jar%2382!/:4.1.82.Final]
	at net.minecraftforge.network.NetworkConstants.<clinit>(NetworkConstants.java:34) ~[forge-1.20.1-47.3.7-universal.jar%23148!/:?]
	at net.minecraft.server.Bootstrap.handler$zjj000$doClassloadHack(Bootstrap.java:1034) ~[server-1.20.1-20230612.114412-srg.jar%23143!/:?]
	at net.minecraft.server.Bootstrap.m_135870_(Bootstrap.java:64) ~[server-1.20.1-20230612.114412-srg.jar%23143!/:?]
	at net.minecraftforge.registries.ForgeRegistries.init(ForgeRegistries.java:212) ~[forge-1.20.1-47.3.7-universal.jar%23148!/:?]
	at net.minecraftforge.registries.ForgeRegistries.<clinit>(ForgeRegistries.java:65) ~[forge-1.20.1-47.3.7-universal.jar%23148!/:?]
	at net.minecraft.world.level.block.LiquidBlock.<init>(LiquidBlock.java:53) ~[server-1.20.1-20230612.114412-srg.jar%23143!/:?]
	at net.minecraft.world.level.block.Blocks.<clinit>(Blocks.java:77) ~[server-1.20.1-20230612.114412-srg.jar%23143!/:?]
	at net.minecraft.world.level.block.FireBlock.m_53484_(FireBlock.java:301) ~[server-1.20.1-20230612.114412-srg.jar%23143!/:?]
	at net.minecraft.server.Bootstrap.m_135870_(Bootstrap.java:46) ~[server-1.20.1-20230612.114412-srg.jar%23143!/:?]
	at net.minecraft.server.Main.main(Main.java:121) ~[server-1.20.1-20230612.114412-srg.jar%23143!/:?]
	at jdk.internal.reflect.NativeMethodAccessorImpl.invoke0(Native Method) ~[?:?]
	at jdk.internal.reflect.NativeMethodAccessorImpl.invoke(NativeMethodAccessorImpl.java:77) ~[?:?]
	at jdk.internal.reflect.DelegatingMethodAccessorImpl.invoke(DelegatingMethodAccessorImpl.java:43) ~[?:?]
	at java.lang.reflect.Method.invoke(Method.java:569) ~[?:?]
	at net.minecraftforge.fml.loading.targets.CommonLaunchHandler.runTarget(CommonLaunchHandler.java:111) ~[fmlloader-1.20.1-47.3.7.jar%2369!/:?]
	at net.minecraftforge.fml.loading.targets.CommonLaunchHandler.serverService(CommonLaunchHandler.java:103) ~[fmlloader-1.20.1-47.3.7.jar%2369!/:?]
	at net.minecraftforge.fml.loading.targets.CommonServerLaunchHandler.lambda$makeService$0(CommonServerLaunchHandler.java:27) ~[fmlloader-1.20.1-47.3.7.jar%2369!/:?]
	at cpw.mods.modlauncher.LaunchServiceHandlerDecorator.launch(LaunchServiceHandlerDecorator.java:30) ~[modlauncher-10.0.9.jar%2355!/:?]
	at cpw.mods.modlauncher.LaunchServiceHandler.launch(LaunchServiceHandler.java:53) ~[modlauncher-10.0.9.jar%2355!/:?]
	at cpw.mods.modlauncher.LaunchServiceHandler.launch(LaunchServiceHandler.java:71) ~[modlauncher-10.0.9.jar%2355!/:?]
	at cpw.mods.modlauncher.Launcher.run(Launcher.java:108) ~[modlauncher-10.0.9.jar%2355!/:?]
	at cpw.mods.modlauncher.Launcher.main(Launcher.java:78) ~[modlauncher-10.0.9.jar%2355!/:?]
	at cpw.mods.modlauncher.BootstrapLaunchConsumer.accept(BootstrapLaunchConsumer.java:26) ~[modlauncher-10.0.9.jar%2355!/:?]
	at cpw.mods.modlauncher.BootstrapLaunchConsumer.accept(BootstrapLaunchConsumer.java:23) ~[modlauncher-10.0.9.jar%2355!/:?]
	at cpw.mods.bootstraplauncher.BootstrapLauncher.main(BootstrapLauncher.java:141) ~[bootstraplauncher-1.1.2.jar:?]
[23Jul2025 20:53:18.662] [main/DEBUG] [io.netty.util.internal.PlatformDependent0/]: java.nio.Bits.unaligned: available, true
[23Jul2025 20:53:18.663] [main/DEBUG] [io.netty.util.internal.PlatformDependent0/]: jdk.internal.misc.Unsafe.allocateUninitializedArray(int): unavailable
java.lang.IllegalAccessException: class io.netty.util.internal.PlatformDependent0$7 (in module io.netty.common) cannot access class jdk.internal.misc.Unsafe (in module java.base) because module java.base does not export jdk.internal.misc to module io.netty.common
	at jdk.internal.reflect.Reflection.newIllegalAccessException(Reflection.java:392) ~[?:?]
	at java.lang.reflect.AccessibleObject.checkAccess(AccessibleObject.java:674) ~[?:?]
	at java.lang.reflect.Method.invoke(Method.java:561) ~[?:?]
	at io.netty.util.internal.PlatformDependent0$7.run(PlatformDependent0.java:410) ~[netty-common-4.1.82.Final.jar%2382!/:4.1.82.Final]
	at java.security.AccessController.doPrivileged(AccessController.java:318) ~[?:?]
	at io.netty.util.internal.PlatformDependent0.<clinit>(PlatformDependent0.java:401) ~[netty-common-4.1.82.Final.jar%2382!/:4.1.82.Final]
	at io.netty.util.internal.PlatformDependent.isAndroid(PlatformDependent.java:333) ~[netty-common-4.1.82.Final.jar%2382!/:4.1.82.Final]
	at io.netty.util.internal.PlatformDependent.<clinit>(PlatformDependent.java:88) ~[netty-common-4.1.82.Final.jar%2382!/:4.1.82.Final]
	at io.netty.util.ConstantPool.<init>(ConstantPool.java:34) ~[netty-common-4.1.82.Final.jar%2382!/:4.1.82.Final]
	at io.netty.util.AttributeKey$1.<init>(AttributeKey.java:27) ~[netty-common-4.1.82.Final.jar%2382!/:4.1.82.Final]
	at io.netty.util.AttributeKey.<clinit>(AttributeKey.java:27) ~[netty-common-4.1.82.Final.jar%2382!/:4.1.82.Final]
	at net.minecraftforge.network.NetworkConstants.<clinit>(NetworkConstants.java:34) ~[forge-1.20.1-47.3.7-universal.jar%23148!/:?]
	at net.minecraft.server.Bootstrap.handler$zjj000$doClassloadHack(Bootstrap.java:1034) ~[server-1.20.1-20230612.114412-srg.jar%23143!/:?]
	at net.minecraft.server.Bootstrap.m_135870_(Bootstrap.java:64) ~[server-1.20.1-20230612.114412-srg.jar%23143!/:?]
	at net.minecraftforge.registries.ForgeRegistries.init(ForgeRegistries.java:212) ~[forge-1.20.1-47.3.7-universal.jar%23148!/:?]
	at net.minecraftforge.registries.ForgeRegistries.<clinit>(ForgeRegistries.java:65) ~[forge-1.20.1-47.3.7-universal.jar%23148!/:?]
	at net.minecraft.world.level.block.LiquidBlock.<init>(LiquidBlock.java:53) ~[server-1.20.1-20230612.114412-srg.jar%23143!/:?]
	at net.minecraft.world.level.block.Blocks.<clinit>(Blocks.java:77) ~[server-1.20.1-20230612.114412-srg.jar%23143!/:?]
	at net.minecraft.world.level.block.FireBlock.m_53484_(FireBlock.java:301) ~[server-1.20.1-20230612.114412-srg.jar%23143!/:?]
	at net.minecraft.server.Bootstrap.m_135870_(Bootstrap.java:46) ~[server-1.20.1-20230612.114412-srg.jar%23143!/:?]
	at net.minecraft.server.Main.main(Main.java:121) ~[server-1.20.1-20230612.114412-srg.jar%23143!/:?]
	at jdk.internal.reflect.NativeMethodAccessorImpl.invoke0(Native Method) ~[?:?]
	at jdk.internal.reflect.NativeMethodAccessorImpl.invoke(NativeMethodAccessorImpl.java:77) ~[?:?]
	at jdk.internal.reflect.DelegatingMethodAccessorImpl.invoke(DelegatingMethodAccessorImpl.java:43) ~[?:?]
	at java.lang.reflect.Method.invoke(Method.java:569) ~[?:?]
	at net.minecraftforge.fml.loading.targets.CommonLaunchHandler.runTarget(CommonLaunchHandler.java:111) ~[fmlloader-1.20.1-47.3.7.jar%2369!/:?]
	at net.minecraftforge.fml.loading.targets.CommonLaunchHandler.serverService(CommonLaunchHandler.java:103) ~[fmlloader-1.20.1-47.3.7.jar%2369!/:?]
	at net.minecraftforge.fml.loading.targets.CommonServerLaunchHandler.lambda$makeService$0(CommonServerLaunchHandler.java:27) ~[fmlloader-1.20.1-47.3.7.jar%2369!/:?]
	at cpw.mods.modlauncher.LaunchServiceHandlerDecorator.launch(LaunchServiceHandlerDecorator.java:30) ~[modlauncher-10.0.9.jar%2355!/:?]
	at cpw.mods.modlauncher.LaunchServiceHandler.launch(LaunchServiceHandler.java:53) ~[modlauncher-10.0.9.jar%2355!/:?]
	at cpw.mods.modlauncher.LaunchServiceHandler.launch(LaunchServiceHandler.java:71) ~[modlauncher-10.0.9.jar%2355!/:?]
	at cpw.mods.modlauncher.Launcher.run(Launcher.java:108) ~[modlauncher-10.0.9.jar%2355!/:?]
	at cpw.mods.modlauncher.Launcher.main(Launcher.java:78) ~[modlauncher-10.0.9.jar%2355!/:?]
	at cpw.mods.modlauncher.BootstrapLaunchConsumer.accept(BootstrapLaunchConsumer.java:26) ~[modlauncher-10.0.9.jar%2355!/:?]
	at cpw.mods.modlauncher.BootstrapLaunchConsumer.accept(BootstrapLaunchConsumer.java:23) ~[modlauncher-10.0.9.jar%2355!/:?]
	at cpw.mods.bootstraplauncher.BootstrapLauncher.main(BootstrapLauncher.java:141) ~[bootstraplauncher-1.1.2.jar:?]
[23Jul2025 20:53:18.664] [main/DEBUG] [io.netty.util.internal.PlatformDependent0/]: java.nio.DirectByteBuffer.<init>(long, int): unavailable
[23Jul2025 20:53:18.664] [main/DEBUG] [io.netty.util.internal.PlatformDependent/]: sun.misc.Unsafe: available
[23Jul2025 20:53:18.664] [main/DEBUG] [io.netty.util.internal.PlatformDependent/]: maxDirectMemory: 12884901888 bytes (maybe)
[23Jul2025 20:53:18.664] [main/DEBUG] [io.netty.util.internal.PlatformDependent/]: -Dio.netty.tmpdir: /tmp (java.io.tmpdir)
[23Jul2025 20:53:18.664] [main/DEBUG] [io.netty.util.internal.PlatformDependent/]: -Dio.netty.bitMode: 64 (sun.arch.data.model)
[23Jul2025 20:53:18.665] [main/DEBUG] [io.netty.util.internal.PlatformDependent/]: -Dio.netty.maxDirectMemory: -1 bytes
[23Jul2025 20:53:18.665] [main/DEBUG] [io.netty.util.internal.PlatformDependent/]: -Dio.netty.uninitializedArrayAllocationThreshold: -1
[23Jul2025 20:53:18.665] [main/DEBUG] [io.netty.util.internal.CleanerJava9/]: java.nio.ByteBuffer.cleaner(): available
[23Jul2025 20:53:18.665] [main/DEBUG] [io.netty.util.internal.PlatformDependent/]: -Dio.netty.noPreferDirect: false
[23Jul2025 20:53:18.758] [main/DEBUG] [mixin/]: Mixing PreEntityTickMixin from pehkui.mixins.json into net.minecraft.world.entity.item.FallingBlockEntity
[23Jul2025 20:53:18.759] [main/DEBUG] [mixin/]: Mixing MixinFallingBlockEntity from architectury.mixins.json into net.minecraft.world.entity.item.FallingBlockEntity
[23Jul2025 20:53:18.793] [main/DEBUG] [mixin/]: Mixing reach.compat1204minus.compat1194plus.InventoryMixin from pehkui.mixins.json into net.minecraft.world.Container
[23Jul2025 20:53:18.852] [main/DEBUG] [mixin/]: Mixing gravity.PistonBlockEntityMixin from jcraft.mixins.json into net.minecraft.world.level.block.piston.PistonMovingBlockEntity
[23Jul2025 20:53:18.876] [main/DEBUG] [mixin/]: Mixing PreEntityTickMixin from pehkui.mixins.json into net.minecraft.world.entity.item.PrimedTnt
[23Jul2025 20:53:18.935] [main/DEBUG] [mixin/]: Mixing compat1204minus.ScreenHandlerMixin from pehkui.mixins.json into net.minecraft.world.inventory.AbstractContainerMenu
[23Jul2025 20:53:18.936] [main/DEBUG] [mixin/]: Mixing reach.compat1204minus.ScreenHandlerMixin from pehkui.mixins.json into net.minecraft.world.inventory.AbstractContainerMenu
[23Jul2025 20:53:18.936] [main/DEBUG] [mixin/]: Mixing AbstractContainerMenuMixin_AzItemIDFix from azurelib.forge.mixins.json into net.minecraft.world.inventory.AbstractContainerMenu
[23Jul2025 20:53:18.978] [main/DEBUG] [mixin/]: Mixing PersistentProjectileEntityMixin from pehkui.mixins.json into net.minecraft.world.entity.projectile.AbstractArrow
[23Jul2025 20:53:18.978] [main/DEBUG] [mixin/]: Mixing compat116plus.PersistentProjectileEntityMixin from pehkui.mixins.json into net.minecraft.world.entity.projectile.AbstractArrow
[23Jul2025 20:53:18.979] [main/DEBUG] [mixin/]: Mixing compat1202minus.PersistentProjectileEntityMixin from pehkui.mixins.json into net.minecraft.world.entity.projectile.AbstractArrow
[23Jul2025 20:53:18.980] [main/DEBUG] [mixin/]: Mixing compat1204minus.PersistentProjectileEntityMixin from pehkui.mixins.json into net.minecraft.world.entity.projectile.AbstractArrow
[23Jul2025 20:53:18.980] [main/DEBUG] [mixin/]: Mixing gravity.PersistentProjectileEntityMixin from jcraft.mixins.json into net.minecraft.world.entity.projectile.AbstractArrow
[23Jul2025 20:53:19.017] [main/DEBUG] [mixin/]: Mixing compat116plus.ProjectileEntityMixin from pehkui.mixins.json into net.minecraft.world.entity.projectile.Projectile
[23Jul2025 20:53:19.018] [main/DEBUG] [mixin/]: Mixing gravity.ProjectileEntityMixin from jcraft.mixins.json into net.minecraft.world.entity.projectile.Projectile
[23Jul2025 20:53:19.032] [main/DEBUG] [mixin/]: Mixing gravity.SnowGolemEntityMixin from jcraft.mixins.json into net.minecraft.world.entity.animal.SnowGolem
[23Jul2025 20:53:19.041] [main/DEBUG] [mixin/]: Mixing MobEntityMixin from pehkui.mixins.json into net.minecraft.world.entity.Mob
[23Jul2025 20:53:19.042] [main/DEBUG] [mixin/]: Mixing MobEntityMixin from jcraft.mixins.json into net.minecraft.world.entity.Mob
[23Jul2025 20:53:19.043] [main/DEBUG] [mixin/]: Mixing gravity.MobEntityMixin from jcraft.mixins.json into net.minecraft.world.entity.Mob
[23Jul2025 20:53:19.045] [main/DEBUG] [mixin/]: Mixing compat116plus.MobEntityMixin from pehkui.mixins.json into net.minecraft.world.entity.Mob
[23Jul2025 20:53:19.067] [main/DEBUG] [mixin/]: Mixing compat1201minus.EntityVehicleHeightOffsetMixin from pehkui.mixins.json into net.minecraft.world.entity.monster.Silverfish
[23Jul2025 20:53:19.105] [main/DEBUG] [net.minecraftforge.coremod.transformer.CoreModBaseTransformer/COREMOD]: Transforming net/minecraft/world/item/ItemStack
[23Jul2025 20:53:19.106] [main/DEBUG] [mixin/]: Mixing ItemStackMixin_AzItemStackIdentityRegistry from azurelib.forge.mixins.json into net.minecraft.world.item.ItemStack
[23Jul2025 20:53:19.107] [main/DEBUG] [mixin/]: Mixing common.ItemStackMixin from lodestone.mixins.json into net.minecraft.world.item.ItemStack
[23Jul2025 20:53:19.107] [main/DEBUG] [mixin/]: Mixing ItemStackMixin from jcraft.mixins.json into net.minecraft.world.item.ItemStack
[23Jul2025 20:53:19.160] [main/DEBUG] [mixin/]: Mixing WitherEntityMixin from pehkui.mixins.json into net.minecraft.world.entity.boss.wither.WitherBoss
[23Jul2025 20:53:19.160] [main/DEBUG] [mixin/]: Mixing compat1204minus.WitherEntityMixin from pehkui.mixins.json into net.minecraft.world.entity.boss.wither.WitherBoss
[23Jul2025 20:53:19.161] [main/DEBUG] [mixin/]: Mixing gravity.WitherEntityMixin from jcraft.mixins.json into net.minecraft.world.entity.boss.wither.WitherBoss
[23Jul2025 20:53:19.161] [main/DEBUG] [mixin/]: Renaming synthetic method lambda$dont_attack_player_stands_in_creative$0(Ljava/util/function/Predicate;Lnet/minecraft/world/entity/LivingEntity;)Z to md66b7c5$lambda$dont_attack_player_stands_in_creative$0$0 in jcraft.mixins.json:gravity.WitherEntityMixin
[23Jul2025 20:53:19.171] [main/DEBUG] [mixin/]: Mixing AnvilMenuMixin from jcraft.mixins.json into net.minecraft.world.inventory.AnvilMenu
[23Jul2025 20:53:19.199] [main/DEBUG] [mixin/]: Mixing compat1204minus.compat116plus.ForgingScreenHandlerMixin from pehkui.mixins.json into net.minecraft.world.inventory.ItemCombinerMenu
[23Jul2025 20:53:19.199] [main/DEBUG] [mixin/]: Mixing reach.compat1204minus.compat116plus.ForgingScreenHandlerMixin from pehkui.mixins.json into net.minecraft.world.inventory.ItemCombinerMenu
[23Jul2025 20:53:19.252] [main/DEBUG] [mixin/]: Mixing gravity.ShulkerBoxBlockEntityMixin from jcraft.mixins.json into net.minecraft.world.level.block.entity.ShulkerBoxBlockEntity
[23Jul2025 20:53:19.261] [main/DEBUG] [mixin/]: Mixing compat116plus.AnimalEntityMixin from pehkui.mixins.json into net.minecraft.world.entity.animal.Animal
[23Jul2025 20:53:19.262] [main/DEBUG] [mixin/]: Mixing compat1201minus.EntityVehicleHeightOffsetMixin from pehkui.mixins.json into net.minecraft.world.entity.animal.Animal
[23Jul2025 20:53:19.267] [main/DEBUG] [mixin/]: Mixing compat1201minus.compat120plus.SnifferEntityMixin from pehkui.mixins.json into net.minecraft.world.entity.animal.sniffer.Sniffer
[23Jul2025 20:53:19.315] [main/DEBUG] [mixin/]: Mixing GrindstoneScreenHandlerMixin from jcraft.mixins.json into net.minecraft.world.inventory.GrindstoneMenu
[23Jul2025 20:53:19.386] [main/DEBUG] [mixin/]: Mixing MixinLightningBolt from architectury-common.mixins.json into net.minecraft.world.entity.LightningBolt
[23Jul2025 20:53:19.421] [main/DEBUG] [net.minecraftforge.coremod.transformer.CoreModBaseTransformer/COREMOD]: Transforming net/minecraft/world/entity/animal/frog/Tadpole
[23Jul2025 20:53:19.450] [main/DEBUG] [mixin/]: Mixing common.BlockItemMixin from lodestone.mixins.json into net.minecraft.world.item.BlockItem
[23Jul2025 20:53:19.457] [main/DEBUG] [mixin/]: Mixing LongUseItemMixin from jcraft.mixins.json into net.minecraft.world.item.BowItem
[23Jul2025 20:53:19.466] [main/DEBUG] [net.minecraftforge.coremod.transformer.CoreModBaseTransformer/COREMOD]: Transforming net/minecraft/world/item/BucketItem
[23Jul2025 20:53:19.466] [main/ERROR] [net.minecraftforge.coremod.transformer.CoreModBaseTransformer/COREMOD]: Error occurred applying transform of coremod coremods/field_to_method.js function bucketitem
java.lang.IllegalStateException: Field f_40687_ is not private and an instance field
	at net.minecraftforge.coremod.api.ASMAPI.redirectFieldToMethod(ASMAPI.java:270) ~[coremods-5.1.6.jar%2354!/:?]
	at org.openjdk.nashorn.internal.scripts.Script$Recompilation$17$1965A$\^eval\_.initializeCoreMod#transformer-4(<eval>:52) ~[?:?]
	at org.openjdk.nashorn.internal.runtime.ScriptFunctionData.invoke(ScriptFunctionData.java:648) ~[nashorn-core-15.3.jar%2366!/:?]
	at org.openjdk.nashorn.internal.runtime.ScriptFunction.invoke(ScriptFunction.java:513) ~[nashorn-core-15.3.jar%2366!/:?]
	at org.openjdk.nashorn.internal.runtime.ScriptRuntime.apply(ScriptRuntime.java:520) ~[nashorn-core-15.3.jar%2366!/:?]
	at org.openjdk.nashorn.api.scripting.ScriptObjectMirror.call(ScriptObjectMirror.java:111) ~[nashorn-core-15.3.jar%2366!/:?]
	at net.minecraftforge.coremod.NashornFactory.lambda$getFunction$0(NashornFactory.java:22) ~[coremods-5.1.6.jar%2354!/:5.1.6]
	at net.minecraftforge.coremod.transformer.CoreModClassTransformer.runCoremod(CoreModClassTransformer.java:22) ~[coremods-5.1.6.jar%2354!/:?]
	at net.minecraftforge.coremod.transformer.CoreModClassTransformer.runCoremod(CoreModClassTransformer.java:14) ~[coremods-5.1.6.jar%2354!/:?]
	at net.minecraftforge.coremod.transformer.CoreModBaseTransformer.transform(CoreModBaseTransformer.java:42) ~[coremods-5.1.6.jar%2354!/:?]
	at cpw.mods.modlauncher.TransformerHolder.transform(TransformerHolder.java:41) ~[modlauncher-10.0.9.jar%2355!/:?]
	at cpw.mods.modlauncher.ClassTransformer.performVote(ClassTransformer.java:179) ~[modlauncher-10.0.9.jar%2355!/:?]
	at cpw.mods.modlauncher.ClassTransformer.transform(ClassTransformer.java:117) ~[modlauncher-10.0.9.jar%2355!/:?]
	at cpw.mods.modlauncher.TransformingClassLoader.maybeTransformClassBytes(TransformingClassLoader.java:50) ~[modlauncher-10.0.9.jar%2355!/:?]
	at cpw.mods.cl.ModuleClassLoader.readerToClass(ModuleClassLoader.java:113) ~[securejarhandler-2.1.10.jar:?]
	at cpw.mods.cl.ModuleClassLoader.lambda$findClass$15(ModuleClassLoader.java:219) ~[securejarhandler-2.1.10.jar:?]
	at cpw.mods.cl.ModuleClassLoader.loadFromModule(ModuleClassLoader.java:229) ~[securejarhandler-2.1.10.jar:?]
	at cpw.mods.cl.ModuleClassLoader.findClass(ModuleClassLoader.java:219) ~[securejarhandler-2.1.10.jar:?]
	at cpw.mods.cl.ModuleClassLoader.loadClass(ModuleClassLoader.java:135) ~[securejarhandler-2.1.10.jar:?]
	at java.lang.ClassLoader.loadClass(ClassLoader.java:525) ~[?:?]
	at net.minecraft.world.level.block.ComposterBlock.m_51988_(ComposterBlock.java:60) ~[server-1.20.1-20230612.114412-srg.jar%23143!/:?]
	at net.minecraft.server.Bootstrap.m_135870_(Bootstrap.java:47) ~[server-1.20.1-20230612.114412-srg.jar%23143!/:?]
	at net.minecraft.server.Main.main(Main.java:121) ~[server-1.20.1-20230612.114412-srg.jar%23143!/:?]
	at jdk.internal.reflect.NativeMethodAccessorImpl.invoke0(Native Method) ~[?:?]
	at jdk.internal.reflect.NativeMethodAccessorImpl.invoke(NativeMethodAccessorImpl.java:77) ~[?:?]
	at jdk.internal.reflect.DelegatingMethodAccessorImpl.invoke(DelegatingMethodAccessorImpl.java:43) ~[?:?]
	at java.lang.reflect.Method.invoke(Method.java:569) ~[?:?]
	at net.minecraftforge.fml.loading.targets.CommonLaunchHandler.runTarget(CommonLaunchHandler.java:111) ~[fmlloader-1.20.1-47.3.7.jar%2369!/:?]
	at net.minecraftforge.fml.loading.targets.CommonLaunchHandler.serverService(CommonLaunchHandler.java:103) ~[fmlloader-1.20.1-47.3.7.jar%2369!/:?]
	at net.minecraftforge.fml.loading.targets.CommonServerLaunchHandler.lambda$makeService$0(CommonServerLaunchHandler.java:27) ~[fmlloader-1.20.1-47.3.7.jar%2369!/:?]
	at cpw.mods.modlauncher.LaunchServiceHandlerDecorator.launch(LaunchServiceHandlerDecorator.java:30) ~[modlauncher-10.0.9.jar%2355!/:?]
	at cpw.mods.modlauncher.LaunchServiceHandler.launch(LaunchServiceHandler.java:53) ~[modlauncher-10.0.9.jar%2355!/:?]
	at cpw.mods.modlauncher.LaunchServiceHandler.launch(LaunchServiceHandler.java:71) ~[modlauncher-10.0.9.jar%2355!/:?]
	at cpw.mods.modlauncher.Launcher.run(Launcher.java:108) ~[modlauncher-10.0.9.jar%2355!/:?]
	at cpw.mods.modlauncher.Launcher.main(Launcher.java:78) ~[modlauncher-10.0.9.jar%2355!/:?]
	at cpw.mods.modlauncher.BootstrapLaunchConsumer.accept(BootstrapLaunchConsumer.java:26) ~[modlauncher-10.0.9.jar%2355!/:?]
	at cpw.mods.modlauncher.BootstrapLaunchConsumer.accept(BootstrapLaunchConsumer.java:23) ~[modlauncher-10.0.9.jar%2355!/:?]
	at cpw.mods.bootstraplauncher.BootstrapLauncher.main(BootstrapLauncher.java:141) ~[bootstraplauncher-1.1.2.jar:?]
[23Jul2025 20:53:19.468] [main/DEBUG] [mixin/]: Mixing inject.MixinBucketItem from architectury-common.mixins.json into net.minecraft.world.item.BucketItem
[23Jul2025 20:53:19.479] [main/DEBUG] [mixin/]: Mixing compat116plus.SpawnEggItemMixin from pehkui.mixins.json into net.minecraft.world.item.SpawnEggItem
[23Jul2025 20:53:19.480] [main/DEBUG] [mixin/]: Renaming synthetic method lambda$pehkui$spawnBaby$0(Lnet/minecraft/world/entity/Mob;Lnet/minecraft/world/entity/Mob;)V to md66b7c5$lambda$pehkui$spawnBaby$0$0 in pehkui.mixins.json:compat116plus.SpawnEggItemMixin
[23Jul2025 20:53:19.482] [main/DEBUG] [mixin/]: Mixing gravity.ExperienceBottleItemMixin from jcraft.mixins.json into net.minecraft.world.item.ExperienceBottleItem
[23Jul2025 20:53:19.499] [main/DEBUG] [mixin/]: Mixing gravity.ThrowablePotionItemMixin from jcraft.mixins.json into net.minecraft.world.item.ThrowablePotionItem
[23Jul2025 20:53:19.503] [main/DEBUG] [mixin/]: Mixing LongUseItemMixin from jcraft.mixins.json into net.minecraft.world.item.TridentItem
[23Jul2025 20:53:19.505] [main/DEBUG] [mixin/]: Mixing compat1204minus.CrossbowItemMixin from pehkui.mixins.json into net.minecraft.world.item.CrossbowItem
[23Jul2025 20:53:19.506] [main/DEBUG] [mixin/]: Mixing LongUseItemMixin from jcraft.mixins.json into net.minecraft.world.item.CrossbowItem
[23Jul2025 20:53:19.506] [main/DEBUG] [mixin/]: Mixing gravity.CrossbowItemMixin from jcraft.mixins.json into net.minecraft.world.item.CrossbowItem
[23Jul2025 20:53:19.516] [main/DEBUG] [mixin/]: Mixing compat1202minus.compat120plus.BrushItemMixin from pehkui.mixins.json into net.minecraft.world.item.BrushItem
[23Jul2025 20:53:19.522] [main/DEBUG] [mixin/]: Mixing inject.MixinItemProperties from architectury-common.mixins.json into net.minecraft.world.item.Item$Properties
[23Jul2025 20:53:19.537] [main/DEBUG] [mixin/]: Mixing PreEntityTickMixin from pehkui.mixins.json into net.minecraft.world.entity.vehicle.AbstractMinecart
[23Jul2025 20:53:19.564] [main/DEBUG] [mixin/]: Mixing AbstractDecorationEntityMixin from pehkui.mixins.json into net.minecraft.world.entity.decoration.HangingEntity
[23Jul2025 20:53:19.565] [main/DEBUG] [mixin/]: Mixing PreEntityTickMixin from pehkui.mixins.json into net.minecraft.world.entity.decoration.HangingEntity
[23Jul2025 20:53:19.629] [main/DEBUG] [mixin/]: Mixing perf.dynamic_dfu.EntityTypeBuilderMixin from modernfix-common.mixins.json into net.minecraft.world.entity.EntityType$Builder
[23Jul2025 20:53:19.637] [main/DEBUG] [mixin/]: Mixing AreaEffectCloudEntityMixin from pehkui.mixins.json into net.minecraft.world.entity.AreaEffectCloud
[23Jul2025 20:53:19.637] [main/DEBUG] [mixin/]: Mixing gravity.AreaEffectCloudEntityMixin from jcraft.mixins.json into net.minecraft.world.entity.AreaEffectCloud
[23Jul2025 20:53:19.649] [main/DEBUG] [mixin/]: Mixing ArmorStandEntityMixin from pehkui.mixins.json into net.minecraft.world.entity.decoration.ArmorStand
[23Jul2025 20:53:19.650] [main/DEBUG] [mixin/]: Mixing compat1201minus.EntityVehicleHeightOffsetMixin from pehkui.mixins.json into net.minecraft.world.entity.decoration.ArmorStand
[23Jul2025 20:53:19.651] [main/DEBUG] [mixin/]: Mixing compat1204minus.ArmorStandEntityMixin from pehkui.mixins.json into net.minecraft.world.entity.decoration.ArmorStand
[23Jul2025 20:53:19.664] [main/DEBUG] [mixin/]: Mixing compat1201minus.compat117plus.AxolotlEntityMixin from pehkui.mixins.json into net.minecraft.world.entity.animal.axolotl.Axolotl
[23Jul2025 20:53:19.679] [main/DEBUG] [mixin/]: Mixing ExperienceOrbAccess from clumps.mixins.json into net.minecraft.world.entity.ExperienceOrb
[23Jul2025 20:53:19.679] [main/DEBUG] [mixin/]: Mixing MixinExperienceOrb from clumps.mixins.json into net.minecraft.world.entity.ExperienceOrb
[23Jul2025 20:53:19.680] [main/DEBUG] [mixin/]: Renaming synthetic method lambda$clumps$resolve$7(Ljava/util/Map$Entry;)Ljava/lang/Integer; to md66b7c5$lambda$clumps$resolve$7$0 in clumps.mixins.json:MixinExperienceOrb
[23Jul2025 20:53:19.681] [main/DEBUG] [mixin/]: Renaming synthetic method lambda$addAdditionalSaveData$6(Lnet/minecraft/nbt/CompoundTag;Ljava/lang/Integer;Ljava/lang/Integer;)V to md66b7c5$lambda$addAdditionalSaveData$6$1 in clumps.mixins.json:MixinExperienceOrb
[23Jul2025 20:53:19.681] [main/DEBUG] [mixin/]: Renaming synthetic method lambda$tryMergeToExisting$5(Ljava/util/Map;)Ljava/util/stream/Stream; to md66b7c5$lambda$tryMergeToExisting$5$2 in clumps.mixins.json:MixinExperienceOrb
[23Jul2025 20:53:19.681] [main/DEBUG] [mixin/]: Renaming synthetic method lambda$tryMergeToExisting$4(IILnet/minecraft/world/entity/ExperienceOrb;)Z to md66b7c5$lambda$tryMergeToExisting$4$3 in clumps.mixins.json:MixinExperienceOrb
[23Jul2025 20:53:19.681] [main/DEBUG] [mixin/]: Renaming synthetic method lambda$merge$3(Ljava/util/Map;)Ljava/util/stream/Stream; to md66b7c5$lambda$merge$3$4 in clumps.mixins.json:MixinExperienceOrb
[23Jul2025 20:53:19.681] [main/DEBUG] [mixin/]: Renaming synthetic method lambda$clumps$repairPlayerItems$2(ILnet/minecraft/world/entity/player/Player;Lnet/minecraft/world/item/ItemStack;)Ljava/lang/Integer; to md66b7c5$lambda$clumps$repairPlayerItems$2$5 in clumps.mixins.json:MixinExperienceOrb
[23Jul2025 20:53:19.682] [main/DEBUG] [mixin/]: Renaming synthetic method lambda$clumps$repairPlayerItems$1(Lnet/minecraft/world/item/ItemStack;Ljava/lang/Integer;)Ljava/lang/Float; to md66b7c5$lambda$clumps$repairPlayerItems$1$6 in clumps.mixins.json:MixinExperienceOrb
[23Jul2025 20:53:19.682] [main/DEBUG] [mixin/]: Renaming synthetic method lambda$playerTouch$0(Lnet/minecraft/world/entity/player/Player;Ljava/util/concurrent/atomic/AtomicInteger;Ljava/lang/Integer;Ljava/lang/Integer;)V to md66b7c5$lambda$playerTouch$0$7 in clumps.mixins.json:MixinExperienceOrb
[23Jul2025 20:53:19.708] [main/DEBUG] [mixin/]: Mixing gravity.LookControlMixin from jcraft.mixins.json into net.minecraft.world.entity.ai.control.LookControl
[23Jul2025 20:53:19.714] [main/DEBUG] [mixin/]: Mixing perf.ticking_chunk_alloc.BatMixin from modernfix-common.mixins.json into net.minecraft.world.entity.ambient.Bat
[23Jul2025 20:53:19.728] [main/DEBUG] [mixin/]: Mixing TrackTargetGoalMixin from pehkui.mixins.json into net.minecraft.world.entity.ai.goal.target.TargetGoal
[23Jul2025 20:53:19.733] [main/DEBUG] [mixin/]: Mixing BlazeEntityShootFireballGoalMixin from pehkui.mixins.json into net.minecraft.world.entity.monster.Blaze$BlazeAttackGoal
[23Jul2025 20:53:19.736] [main/DEBUG] [mixin/]: Mixing RandomStrollGoalMixin from jcraft.mixins.json into net.minecraft.world.entity.ai.goal.RandomStrollGoal
[23Jul2025 20:53:19.740] [main/DEBUG] [mixin/]: Mixing gravity.LookAtEntityGoalMixin from jcraft.mixins.json into net.minecraft.world.entity.ai.goal.LookAtPlayerGoal
[23Jul2025 20:53:19.746] [main/DEBUG] [mixin/]: Mixing BoatEntityMixin from pehkui.mixins.json into net.minecraft.world.entity.vehicle.Boat
[23Jul2025 20:53:19.747] [main/DEBUG] [mixin/]: Mixing compat1201minus.EntityMountedHeightOffsetMixin from pehkui.mixins.json into net.minecraft.world.entity.vehicle.Boat
[23Jul2025 20:53:19.748] [main/DEBUG] [mixin/]: Mixing compat1201minus.compat120plus.BoatEntityMixin from pehkui.mixins.json into net.minecraft.world.entity.vehicle.Boat
[23Jul2025 20:53:19.748] [main/DEBUG] [mixin/]: Mixing compat1204minus.BoatEntityMixin from pehkui.mixins.json into net.minecraft.world.entity.vehicle.Boat
[23Jul2025 20:53:19.757] [main/DEBUG] [mixin/]: Mixing compat1201minus.compat1193plus.CamelEntityMixin from pehkui.mixins.json into net.minecraft.world.entity.animal.camel.Camel
[23Jul2025 20:53:19.757] [main/DEBUG] [mixin/]: Mixing compat1201minus.compat120plus.CamelEntityMixin from pehkui.mixins.json into net.minecraft.world.entity.animal.camel.Camel
[23Jul2025 20:53:19.757] [main/DEBUG] [mixin/]: Mixing compat1204minus.compat1193plus.CamelEntityMixin from pehkui.mixins.json into net.minecraft.world.entity.animal.camel.Camel
[23Jul2025 20:53:19.764] [main/DEBUG] [mixin/]: Mixing compat1201minus.compat120plus.AbstractHorseEntityMixin from pehkui.mixins.json into net.minecraft.world.entity.animal.horse.AbstractHorse
[23Jul2025 20:53:19.782] [main/DEBUG] [net.minecraftforge.coremod.transformer.CoreModBaseTransformer/COREMOD]: Transforming net/minecraft/world/entity/monster/Spider
[23Jul2025 20:53:19.798] [main/DEBUG] [mixin/]: Mixing compat1201minus.EntityVehicleHeightOffsetMixin from pehkui.mixins.json into net.minecraft.world.entity.monster.AbstractSkeleton
[23Jul2025 20:53:19.799] [main/DEBUG] [mixin/]: Mixing gravity.AbstractSkeletonEntityMixin from jcraft.mixins.json into net.minecraft.world.entity.monster.AbstractSkeleton
[23Jul2025 20:53:19.805] [main/DEBUG] [mixin/]: Mixing compat119plus.ChestBoatEntityMixin from pehkui.mixins.json into net.minecraft.world.entity.vehicle.ChestBoat
[23Jul2025 20:53:19.805] [main/DEBUG] [mixin/]: Mixing reach.compat1204minus.compat119plus.ChestBoatEntityMixin from pehkui.mixins.json into net.minecraft.world.entity.vehicle.ChestBoat
[23Jul2025 20:53:19.810] [main/DEBUG] [mixin/]: Mixing reach.compat1204minus.compat119plus.StorageMinecartEntityMixin from pehkui.mixins.json into net.minecraft.world.entity.vehicle.AbstractMinecartContainer
[23Jul2025 20:53:19.816] [main/DEBUG] [mixin/]: Mixing compat1201minus.compat120plus.ChickenEntityMixin from pehkui.mixins.json into net.minecraft.world.entity.animal.Chicken
[23Jul2025 20:53:19.830] [main/DEBUG] [mixin/]: Mixing compat1201minus.AbstractDonkeyEntityMixin from pehkui.mixins.json into net.minecraft.world.entity.animal.horse.AbstractChestedHorse
[23Jul2025 20:53:19.833] [main/DEBUG] [mixin/]: Mixing compat116plus.DragonFireballEntityMixin from pehkui.mixins.json into net.minecraft.world.entity.projectile.DragonFireball
[23Jul2025 20:53:19.835] [main/DEBUG] [mixin/]: Mixing ExplosiveProjectileEntityMixin from pehkui.mixins.json into net.minecraft.world.entity.projectile.AbstractHurtingProjectile
[23Jul2025 20:53:19.838] [main/DEBUG] [mixin/]: Mixing gravity.DrownedEntityMixin from jcraft.mixins.json into net.minecraft.world.entity.monster.Drowned
[23Jul2025 20:53:19.844] [main/DEBUG] [net.minecraftforge.coremod.transformer.CoreModBaseTransformer/COREMOD]: Transforming net/minecraft/world/entity/monster/Zombie
[23Jul2025 20:53:19.896] [main/DEBUG] [mixin/]: Mixing compat1201minus.EntityVehicleHeightOffsetMixin from pehkui.mixins.json into net.minecraft.world.entity.monster.Zombie
[23Jul2025 20:53:19.902] [main/DEBUG] [net.minecraftforge.coremod.transformer.CoreModBaseTransformer/COREMOD]: Transforming net/minecraft/world/entity/monster/ZombieVillager
[23Jul2025 20:53:19.940] [main/DEBUG] [mixin/]: Mixing compat116plus.EggEntityMixin from pehkui.mixins.json into net.minecraft.world.entity.projectile.ThrownEgg
[23Jul2025 20:53:19.942] [main/DEBUG] [mixin/]: Mixing ThrownEntityMixin from pehkui.mixins.json into net.minecraft.world.entity.projectile.ThrowableProjectile
[23Jul2025 20:53:19.942] [main/DEBUG] [mixin/]: Mixing compat1204minus.ThrownEntityMixin from pehkui.mixins.json into net.minecraft.world.entity.projectile.ThrowableProjectile
[23Jul2025 20:53:19.942] [main/DEBUG] [mixin/]: Mixing gravity.ThrownEntityMixin from jcraft.mixins.json into net.minecraft.world.entity.projectile.ThrowableProjectile
[23Jul2025 20:53:19.952] [main/DEBUG] [mixin/]: Mixing PreEntityTickMixin from pehkui.mixins.json into net.minecraft.world.entity.boss.enderdragon.EndCrystal
[23Jul2025 20:53:19.952] [main/DEBUG] [mixin/]: Mixing compat1202minus.compat1193plus.EndCrystalEntityMixin from pehkui.mixins.json into net.minecraft.world.entity.boss.enderdragon.EndCrystal
[23Jul2025 20:53:19.952] [main/DEBUG] [mixin/]: Mixing EndCrystalEntityMixin from jcraft.mixins.json into net.minecraft.world.entity.boss.enderdragon.EndCrystal
[23Jul2025 20:53:19.955] [main/DEBUG] [mixin/]: Mixing EnderDragonEntityMixin from pehkui.mixins.json into net.minecraft.world.entity.boss.enderdragon.EnderDragon
[23Jul2025 20:53:19.961] [main/DEBUG] [mixin/]: Mixing compat116plus.EnderPearlEntityMixin from pehkui.mixins.json into net.minecraft.world.entity.projectile.ThrownEnderpearl
[23Jul2025 20:53:19.964] [main/DEBUG] [mixin/]: Mixing compat1201minus.EntityVehicleHeightOffsetMixin from pehkui.mixins.json into net.minecraft.world.entity.monster.Endermite
[23Jul2025 20:53:19.967] [main/DEBUG] [mixin/]: Mixing gravity.EndermanEntityMixin from jcraft.mixins.json into net.minecraft.world.entity.monster.EnderMan
[23Jul2025 20:53:19.972] [main/DEBUG] [mixin/]: Mixing gravity.EndermanEntity$ChasePlayerGoalMixin from jcraft.mixins.json into net.minecraft.world.entity.monster.EnderMan$EndermanFreezeWhenLookedAt
[23Jul2025 20:53:19.978] [main/DEBUG] [mixin/]: Mixing compat1201minus.EntityVehicleHeightOffsetMixin from pehkui.mixins.json into net.minecraft.world.entity.monster.PatrollingMonster
[23Jul2025 20:53:19.983] [main/DEBUG] [net.minecraftforge.coremod.transformer.CoreModBaseTransformer/COREMOD]: Transforming net/minecraft/world/entity/monster/Evoker$EvokerSummonSpellGoal
[23Jul2025 20:53:19.988] [main/DEBUG] [mixin/]: Mixing compat116plus.SummonVexGoalMixin from pehkui.mixins.json into net.minecraft.world.entity.monster.Evoker$EvokerSummonSpellGoal
[23Jul2025 20:53:19.992] [main/DEBUG] [mixin/]: Mixing EvokerFangsEntityMixin from pehkui.mixins.json into net.minecraft.world.entity.projectile.EvokerFangs
[23Jul2025 20:53:19.997] [main/DEBUG] [mixin/]: Mixing gravity.ItemUsageContextMixin from jcraft.mixins.json into net.minecraft.world.item.context.UseOnContext
[23Jul2025 20:53:19.999] [main/DEBUG] [mixin/]: Mixing gravity.FireworkRocketEntityMixin from jcraft.mixins.json into net.minecraft.world.entity.projectile.FireworkRocketEntity
[23Jul2025 20:53:20.005] [main/DEBUG] [mixin/]: Mixing compat116plus.FoxEntityMateGoalMixin from pehkui.mixins.json into net.minecraft.world.entity.animal.Fox$FoxBreedGoal
[23Jul2025 20:53:20.016] [main/DEBUG] [mixin/]: Mixing GhastEntityShootFireballGoalMixin from pehkui.mixins.json into net.minecraft.world.entity.monster.Ghast$GhastShootFireballGoal
[23Jul2025 20:53:20.019] [main/DEBUG] [mixin/]: Mixing ItemFrameEntityMixin from pehkui.mixins.json into net.minecraft.world.entity.decoration.ItemFrame
[23Jul2025 20:53:20.026] [main/DEBUG] [mixin/]: Mixing compat1201minus.compat116plus.HoglinEntityMixin from pehkui.mixins.json into net.minecraft.world.entity.monster.hoglin.Hoglin
[23Jul2025 20:53:20.030] [main/DEBUG] [mixin/]: Mixing compat1201minus.compat116plus.ZoglinEntityMixin from pehkui.mixins.json into net.minecraft.world.entity.monster.Zoglin
[23Jul2025 20:53:20.036] [main/DEBUG] [mixin/]: Mixing gravity.IllusionerEntityMixin from jcraft.mixins.json into net.minecraft.world.entity.monster.Illusioner
[23Jul2025 20:53:20.046] [main/DEBUG] [mixin/]: Mixing compat1193plus.FireballEntityMixin from pehkui.mixins.json into net.minecraft.world.entity.projectile.LargeFireball
[23Jul2025 20:53:20.049] [main/DEBUG] [mixin/]: Mixing compat1201minus.compat120plus.LlamaEntityMixin from pehkui.mixins.json into net.minecraft.world.entity.animal.horse.Llama
[23Jul2025 20:53:20.053] [main/DEBUG] [mixin/]: Mixing LlamaSpitEntityMixin from pehkui.mixins.json into net.minecraft.world.entity.projectile.LlamaSpit
[23Jul2025 20:53:20.057] [main/DEBUG] [mixin/]: Mixing compat117plus.SlimeEntityMixin from pehkui.mixins.json into net.minecraft.world.entity.monster.Slime
[23Jul2025 20:53:20.058] [main/DEBUG] [mixin/]: Mixing compat1204minus.compat117plus.SlimeEntityMixin from pehkui.mixins.json into net.minecraft.world.entity.monster.Slime
[23Jul2025 20:53:20.077] [main/DEBUG] [mixin/]: Mixing compat116plus.PigEntityMixin from pehkui.mixins.json into net.minecraft.world.entity.animal.Pig
[23Jul2025 20:53:20.083] [main/DEBUG] [mixin/]: Mixing gravity.PiglinEntityMixin from jcraft.mixins.json into net.minecraft.world.entity.monster.piglin.Piglin
[23Jul2025 20:53:20.092] [main/DEBUG] [mixin/]: Mixing gravity.PillagerEntityMixin from jcraft.mixins.json into net.minecraft.world.entity.monster.Pillager
[23Jul2025 20:53:20.099] [main/DEBUG] [mixin/]: Mixing PotionEntityMixin from pehkui.mixins.json into net.minecraft.world.entity.projectile.ThrownPotion
[23Jul2025 20:53:20.100] [main/DEBUG] [mixin/]: Mixing compat1204minus.PotionEntityMixin from pehkui.mixins.json into net.minecraft.world.entity.projectile.ThrownPotion
[23Jul2025 20:53:20.110] [main/DEBUG] [mixin/]: Mixing compat1201minus.EntityMountedHeightOffsetMixin from pehkui.mixins.json into net.minecraft.world.entity.monster.Ravager
[23Jul2025 20:53:20.115] [main/DEBUG] [mixin/]: Mixing compat117plus.ShulkerEntityMixin from pehkui.mixins.json into net.minecraft.world.entity.monster.Shulker
[23Jul2025 20:53:20.116] [main/DEBUG] [mixin/]: Mixing compat1204minus.ShulkerEntityMixin from pehkui.mixins.json into net.minecraft.world.entity.monster.Shulker
[23Jul2025 20:53:20.116] [main/DEBUG] [mixin/]: Mixing gravity.ShulkerEntityMixin from jcraft.mixins.json into net.minecraft.world.entity.monster.Shulker
[23Jul2025 20:53:20.125] [main/DEBUG] [mixin/]: Mixing compat1201minus.SkeletonHorseEntityMixin from pehkui.mixins.json into net.minecraft.world.entity.animal.horse.SkeletonHorse
[23Jul2025 20:53:20.126] [main/DEBUG] [net.minecraftforge.coremod.transformer.CoreModBaseTransformer/COREMOD]: Transforming net/minecraft/world/entity/animal/horse/SkeletonTrapGoal
[23Jul2025 20:53:20.136] [main/DEBUG] [mixin/]: Mixing BaseSpawnerMixin from jcraft.mixins.json into net.minecraft.world.level.BaseSpawner
[23Jul2025 20:53:20.141] [main/DEBUG] [net.minecraftforge.coremod.transformer.CoreModBaseTransformer/COREMOD]: Transforming net/minecraft/world/entity/monster/Strider
[23Jul2025 20:53:20.198] [main/DEBUG] [mixin/]: Mixing ServerPlayerEntityMixin from pehkui.mixins.json into net.minecraft.server.level.ServerPlayer
[23Jul2025 20:53:20.198] [main/DEBUG] [mixin/]: Mixing ServerPlayerEntityMixin from jcraft.mixins.json into net.minecraft.server.level.ServerPlayer
[23Jul2025 20:53:20.199] [main/DEBUG] [mixin/]: Mixing gravity.ServerPlayerEntityMixin from jcraft.mixins.json into net.minecraft.server.level.ServerPlayer
[23Jul2025 20:53:20.199] [main/DEBUG] [mixin/]: Mixing ServerPlayerEntityMixin from jcraft-forge.mixins.json into net.minecraft.server.level.ServerPlayer
[23Jul2025 20:53:20.199] [main/DEBUG] [mixin/]: jcraft-forge.mixins.json:ServerPlayerEntityMixin: Class version 61 required is higher than the class version supported by the current version of Mixin (JAVA_8 supports class version 52)
[23Jul2025 20:53:20.200] [main/DEBUG] [mixin/]: Mixing gravity.ServerPlayerEntityMixin from jcraft-forge.mixins.json into net.minecraft.server.level.ServerPlayer
[23Jul2025 20:53:20.200] [main/DEBUG] [mixin/]: jcraft-forge.mixins.json:gravity.ServerPlayerEntityMixin: Class version 61 required is higher than the class version supported by the current version of Mixin (JAVA_8 supports class version 52)
[23Jul2025 20:53:20.267] [main/DEBUG] [mixin/]: Mixing perf.ticking_chunk_alloc.ChunkAccessMixin from modernfix-common.mixins.json into net.minecraft.world.level.chunk.ChunkAccess
[23Jul2025 20:53:20.271] [main/DEBUG] [mixin/]: Mixing TimestopBlockEntityMixin from jcraft.mixins.json into net.minecraft.world.level.chunk.LevelChunk
[23Jul2025 20:53:20.286] [main/DEBUG] [net.minecraftforge.coremod.transformer.CoreModBaseTransformer/COREMOD]: Transforming net/minecraft/world/entity/npc/Villager
[23Jul2025 20:53:20.332] [main/DEBUG] [mixin/]: Mixing compat116plus.VillagerEntityMixin from pehkui.mixins.json into net.minecraft.world.entity.npc.Villager
[23Jul2025 20:53:20.333] [main/DEBUG] [mixin/]: Mixing VillagerEntityMixin from jcraft.mixins.json into net.minecraft.world.entity.npc.Villager
[23Jul2025 20:53:20.342] [main/DEBUG] [mixin/]: Mixing gravity.WitchEntityMixin from jcraft.mixins.json into net.minecraft.world.entity.monster.Witch
[23Jul2025 20:53:20.359] [main/DEBUG] [mixin/]: Mixing gravity.WolfBegGoalMixin from jcraft.mixins.json into net.minecraft.world.entity.ai.goal.BegGoal
[23Jul2025 20:53:20.365] [main/DEBUG] [mixin/]: Mixing compat116plus.FishingBobberEntityMixin from pehkui.mixins.json into net.minecraft.world.entity.projectile.FishingHook
[23Jul2025 20:53:20.365] [main/DEBUG] [mixin/]: Mixing gravity.FishingBobberEntityMixin from jcraft.mixins.json into net.minecraft.world.entity.projectile.FishingHook
[23Jul2025 20:53:20.375] [main/DEBUG] [mixin/]: Mixing perf.faster_ingredients.IngredientMixin from modernfix-forge.mixins.json into net.minecraft.world.item.crafting.Ingredient
[23Jul2025 20:53:20.375] [main/DEBUG] [mixin/]: Renaming synthetic method lambda$computeItemsArray$1(I)[Lnet/minecraft/world/item/ItemStack; to md66b7c5$lambda$computeItemsArray$1$0 in modernfix-forge.mixins.json:perf.faster_ingredients.IngredientMixin
[23Jul2025 20:53:20.375] [main/DEBUG] [mixin/]: Renaming synthetic method lambda$modernfix$fasterTagIngredientStacking$0(Lnet/minecraft/core/Holder;)I to md66b7c5$lambda$modernfix$fasterTagIngredientStacking$0$1 in modernfix-forge.mixins.json:perf.faster_ingredients.IngredientMixin
[23Jul2025 20:53:20.381] [main/DEBUG] [mixin/]: Mixing perf.smart_ingredient_sync.IngredientMixin from modernfix-forge.mixins.json into net.minecraft.world.item.crafting.Ingredient
[23Jul2025 20:53:20.392] [main/DEBUG] [mixin/]: Mixing inject.MixinFoodPropertiesBuilder from architectury-common.mixins.json into net.minecraft.world.food.FoodProperties$Builder
[23Jul2025 20:53:20.394] [main/DEBUG] [net.minecraftforge.coremod.transformer.CoreModBaseTransformer/COREMOD]: Transforming net/minecraft/world/effect/MobEffectInstance
[23Jul2025 20:53:20.419] [main/DEBUG] [mixin/]: Mixing ServerPlayNetworkHandlerMixin from pehkui.mixins.json into net.minecraft.server.network.ServerGamePacketListenerImpl
[23Jul2025 20:53:20.419] [main/DEBUG] [mixin/]: Mixing compat1204minus.ServerPlayNetworkHandlerMixin from pehkui.mixins.json into net.minecraft.server.network.ServerGamePacketListenerImpl
[23Jul2025 20:53:20.420] [main/DEBUG] [mixin/]: Mixing reach.compat1204minus.ServerPlayNetworkHandlerMixin from pehkui.mixins.json into net.minecraft.server.network.ServerGamePacketListenerImpl
[23Jul2025 20:53:20.420] [main/DEBUG] [mixin/]: Mixing reach.compat1204minus.compat119plus.ServerPlayNetworkHandlerMixin from pehkui.mixins.json into net.minecraft.server.network.ServerGamePacketListenerImpl
[23Jul2025 20:53:20.421] [main/DEBUG] [mixin/]: Mixing bugfix.forge_vehicle_packets.ServerGamePacketListenerImplMixin from modernfix-forge.mixins.json into net.minecraft.server.network.ServerGamePacketListenerImpl
[23Jul2025 20:53:20.421] [main/DEBUG] [mixin/]: Mixing ServerPlayNetworkHandlerMixin from jcraft.mixins.json into net.minecraft.server.network.ServerGamePacketListenerImpl
[23Jul2025 20:53:20.422] [main/DEBUG] [mixin/]: Mixing gravity.ServerPlayNetworkHandlerMixin from jcraft.mixins.json into net.minecraft.server.network.ServerGamePacketListenerImpl
[23Jul2025 20:53:20.444] [main/DEBUG] [mixin/]: Mixing compat116plus.NbtCompoundMixin from pehkui.mixins.json into net.minecraft.nbt.CompoundTag
[23Jul2025 20:53:20.454] [main/DEBUG] [mixin/]: Mixing EntitySelectorOptionsInvoker from pehkui.mixins.json into net.minecraft.commands.arguments.selector.options.EntitySelectorOptions
[23Jul2025 20:53:20.455] [main/DEBUG] [mixin/]: Renaming @Invoker method callPutOption(Ljava/lang/String;Lnet/minecraft/commands/arguments/selector/options/EntitySelectorOptions$Modifier;Ljava/util/function/Predicate;Lnet/minecraft/network/chat/Component;)V to callPutOption_$md$66b7c5$0 in pehkui.mixins.json:EntitySelectorOptionsInvoker
[23Jul2025 20:53:20.455] [main/DEBUG] [mixin/]: Mixing EntitySelectorOptionsMixin from pehkui.mixins.json into net.minecraft.commands.arguments.selector.options.EntitySelectorOptions
[23Jul2025 20:53:20.455] [main/DEBUG] [mixin/]: Mixing EntitySelectorOptionsMixin from jcraft.mixins.json into net.minecraft.commands.arguments.selector.options.EntitySelectorOptions
[23Jul2025 20:53:20.455] [main/DEBUG] [mixin/]: Renaming synthetic method lambda$registerJCraftOptions$0(Ljava/lang/String;Lnet/minecraft/commands/arguments/selector/options/EntitySelectorOptions$Modifier;Ljava/util/function/Predicate;Lnet/minecraft/network/chat/Component;)V to md66b7c5$lambda$registerJCraftOptions$0$1 in jcraft.mixins.json:EntitySelectorOptionsMixin
[23Jul2025 20:53:20.462] [main/DEBUG] [mixin/]: Mixing EntitySelectorReaderMixin from pehkui.mixins.json into net.minecraft.commands.arguments.selector.EntitySelectorParser
[23Jul2025 20:53:20.462] [main/DEBUG] [mixin/]: Renaming synthetic method lambda$pehkui$buildPredicate$1(Lvirtuoel/pehkui/api/ScaleType;Lnet/minecraft/world/entity/Entity;)Z to md66b7c5$lambda$pehkui$buildPredicate$1$0 in pehkui.mixins.json:EntitySelectorReaderMixin
[23Jul2025 20:53:20.462] [main/DEBUG] [mixin/]: Renaming synthetic method lambda$pehkui$buildPredicate$0(Lvirtuoel/pehkui/api/ScaleType;Lnet/minecraft/world/entity/Entity;)Z to md66b7c5$lambda$pehkui$buildPredicate$0$1 in pehkui.mixins.json:EntitySelectorReaderMixin
[23Jul2025 20:53:20.504] [main/DEBUG] [mixin/]: Mixing compat1204minus.compat117plus.ViewerCountManagerMixin from pehkui.mixins.json into net.minecraft.world.level.block.entity.ContainerOpenersCounter
[23Jul2025 20:53:20.524] [main/DEBUG] [mixin/]: Mixing LightingProviderAccessor from jcraft.mixins.json into net.minecraft.world.level.lighting.LevelLightEngine
[23Jul2025 20:53:20.529] [main/DEBUG] [mixin/]: Mixing perf.dynamic_structure_manager.StructureManagerMixin from modernfix-common.mixins.json into net.minecraft.world.level.levelgen.structure.templatesystem.StructureTemplateManager
[23Jul2025 20:53:20.530] [main/DEBUG] [mixin/]: Mixing perf.cache_upgraded_structures.StructureManagerMixin from modernfix-common.mixins.json into net.minecraft.world.level.levelgen.structure.templatesystem.StructureTemplateManager
[23Jul2025 20:53:20.556] [main/DEBUG] [mixin/]: Mixing InventoryMixin from carryon.mixins.json into net.minecraft.world.entity.player.Inventory
[23Jul2025 20:53:20.567] [main/DEBUG] [mixin/]: Mixing GrindstoneScreenHandlerAnon2and3Mixin from jcraft.mixins.json into net.minecraft.world.inventory.GrindstoneMenu$2
[23Jul2025 20:53:20.569] [main/DEBUG] [mixin/]: Mixing GrindstoneScreenHandlerAnon2and3Mixin from jcraft.mixins.json into net.minecraft.world.inventory.GrindstoneMenu$3
[23Jul2025 20:53:20.607] [main/DEBUG] [mixin/]: Mixing OperationArgumentTypeAccessor from pehkui.mixins.json into net.minecraft.commands.arguments.OperationArgument
[23Jul2025 20:53:20.607] [main/DEBUG] [mixin/]: Renaming @Accessor method getInvalidOperationException()Lcom/mojang/brigadier/exceptions/SimpleCommandExceptionType; to getInvalidOperationException_$md$66b7c5$0 in pehkui.mixins.json:OperationArgumentTypeAccessor
[23Jul2025 20:53:20.608] [main/DEBUG] [mixin/]: Renaming @Accessor method getDivisionZeroException()Lcom/mojang/brigadier/exceptions/SimpleCommandExceptionType; to getDivisionZeroException_$md$66b7c5$1 in pehkui.mixins.json:OperationArgumentTypeAccessor
[23Jul2025 20:53:20.899] [main/DEBUG] [net.minecraftforge.coremod.transformer.CoreModBaseTransformer/COREMOD]: Transforming net/minecraft/world/level/levelgen/structure/Structure
[23Jul2025 20:53:20.930] [main/DEBUG] [net.minecraftforge.coremod.transformer.CoreModBaseTransformer/COREMOD]: Transforming net/minecraft/world/level/levelgen/structure/structures/OceanRuinPieces$OceanRuinPiece
[23Jul2025 20:53:20.942] [main/DEBUG] [net.minecraftforge.coremod.transformer.CoreModBaseTransformer/COREMOD]: Transforming net/minecraft/world/level/levelgen/structure/structures/SwampHutPiece
[23Jul2025 20:53:20.952] [main/DEBUG] [net.minecraftforge.coremod.transformer.CoreModBaseTransformer/COREMOD]: Transforming net/minecraft/world/level/levelgen/structure/structures/OceanMonumentPieces$OceanMonumentPiece
[23Jul2025 20:53:20.977] [main/DEBUG] [net.minecraftforge.coremod.transformer.CoreModBaseTransformer/COREMOD]: Transforming net/minecraft/world/level/levelgen/structure/structures/WoodlandMansionPieces$WoodlandMansionPiece
[23Jul2025 20:53:21.070] [main/DEBUG] [mixin/]: Mixing MixinBiomeSource from terrablender.mixins.json into net.minecraft.world.level.biome.BiomeSource
[23Jul2025 20:53:21.070] [main/DEBUG] [mixin/]: Renaming synthetic method lambda$appendDeferredBiomesList$0(Lcom/google/common/collect/ImmutableList;)Ljava/util/Set; to md66b7c5$lambda$appendDeferredBiomesList$0$0 in terrablender.mixins.json:MixinBiomeSource
[23Jul2025 20:53:21.077] [main/DEBUG] [net.minecraftforge.coremod.transformer.CoreModBaseTransformer/COREMOD]: Transforming net/minecraft/world/level/biome/Biome
[23Jul2025 20:53:21.077] [main/DEBUG] [mixin/]: Mixing perf.remove_biome_temperature_cache.BiomeMixin from modernfix-common.mixins.json into net.minecraft.world.level.biome.Biome
[23Jul2025 20:53:21.106] [main/DEBUG] [mixin/]: Mixing MixinMultiNoiseBiomeSource from terrablender.mixins.json into net.minecraft.world.level.biome.MultiNoiseBiomeSource
[23Jul2025 20:53:21.108] [main/DEBUG] [mixin/]: Mixing MixinParameterList from terrablender.mixins.json into net.minecraft.world.level.biome.Climate$ParameterList
[23Jul2025 20:53:21.108] [main/DEBUG] [mixin/]: Renaming synthetic method lambda$initializeForTerraBlender$0(Lnet/minecraft/core/Registry;Lcom/google/common/collect/ImmutableList$Builder;Lcom/mojang/datafixers/util/Pair;)V to md66b7c5$lambda$initializeForTerraBlender$0$0 in terrablender.mixins.json:MixinParameterList
[23Jul2025 20:53:21.129] [main/DEBUG] [mixin/]: Mixing MixinNoiseGeneratorSettings from terrablender.mixins.json into net.minecraft.world.level.levelgen.NoiseGeneratorSettings
[23Jul2025 20:53:21.325] [main/DEBUG] [net.minecraftforge.common.ForgeI18n/CORE]: Loading I18N data entries: 6430
[23Jul2025 20:53:21.338] [main/DEBUG] [net.minecraftforge.fml.ModWorkManager/LOADING]: Using 4 threads for parallel mod-loading
[23Jul2025 20:53:21.344] [main/DEBUG] [net.minecraftforge.fml.javafmlmod.FMLJavaModLanguageProvider/LOADING]: Loading FMLModContainer from classloader cpw.mods.modlauncher.TransformingClassLoader@361abd01 - got cpw.mods.cl.ModuleClassLoader@47b2e9e1
[23Jul2025 20:53:21.344] [main/DEBUG] [net.minecraftforge.fml.javafmlmod.FMLModContainer/LOADING]: Creating FMLModContainer instance for terrablender.core.TerraBlenderForge
[23Jul2025 20:53:21.346] [main/DEBUG] [net.minecraftforge.fml.javafmlmod.FMLJavaModLanguageProvider/LOADING]: Loading FMLModContainer from classloader cpw.mods.modlauncher.TransformingClassLoader@361abd01 - got cpw.mods.cl.ModuleClassLoader@47b2e9e1
[23Jul2025 20:53:21.346] [main/DEBUG] [net.minecraftforge.fml.javafmlmod.FMLModContainer/LOADING]: Creating FMLModContainer instance for snownee.jade.util.CommonProxy
[23Jul2025 20:53:21.347] [main/DEBUG] [net.minecraftforge.fml.javafmlmod.FMLJavaModLanguageProvider/LOADING]: Loading FMLModContainer from classloader cpw.mods.modlauncher.TransformingClassLoader@361abd01 - got cpw.mods.cl.ModuleClassLoader@47b2e9e1
[23Jul2025 20:53:21.347] [main/DEBUG] [net.minecraftforge.fml.javafmlmod.FMLModContainer/LOADING]: Creating FMLModContainer instance for net.yourlocalgamedev.whisperingspirits.WhisperingSpiritsMod
[23Jul2025 20:53:21.347] [main/DEBUG] [net.minecraftforge.fml.javafmlmod.FMLJavaModLanguageProvider/LOADING]: Loading FMLModContainer from classloader cpw.mods.modlauncher.TransformingClassLoader@361abd01 - got cpw.mods.cl.ModuleClassLoader@47b2e9e1
[23Jul2025 20:53:21.347] [main/DEBUG] [net.minecraftforge.fml.javafmlmod.FMLModContainer/LOADING]: Creating FMLModContainer instance for software.bernie.example.GeckoLibMod
[23Jul2025 20:53:21.348] [main/DEBUG] [net.minecraftforge.fml.javafmlmod.FMLJavaModLanguageProvider/LOADING]: Loading FMLModContainer from classloader cpw.mods.modlauncher.TransformingClassLoader@361abd01 - got cpw.mods.cl.ModuleClassLoader@47b2e9e1
[23Jul2025 20:53:21.348] [main/DEBUG] [net.minecraftforge.fml.javafmlmod.FMLModContainer/LOADING]: Creating FMLModContainer instance for dev.kosmx.playerAnim.forge.ForgeModInterface
[23Jul2025 20:53:21.348] [main/DEBUG] [net.minecraftforge.fml.javafmlmod.FMLJavaModLanguageProvider/LOADING]: Loading FMLModContainer from classloader cpw.mods.modlauncher.TransformingClassLoader@361abd01 - got cpw.mods.cl.ModuleClassLoader@47b2e9e1
[23Jul2025 20:53:21.348] [main/DEBUG] [net.minecraftforge.fml.javafmlmod.FMLModContainer/LOADING]: Creating FMLModContainer instance for com.illusivesoulworks.spectrelib.SpectreForgeMod
[23Jul2025 20:53:21.349] [main/DEBUG] [net.minecraftforge.fml.javafmlmod.FMLJavaModLanguageProvider/LOADING]: Loading FMLModContainer from classloader cpw.mods.modlauncher.TransformingClassLoader@361abd01 - got cpw.mods.cl.ModuleClassLoader@47b2e9e1
[23Jul2025 20:53:21.349] [main/DEBUG] [net.minecraftforge.fml.javafmlmod.FMLModContainer/LOADING]: Creating FMLModContainer instance for virtuoel.pehkui.Pehkui
[23Jul2025 20:53:21.349] [main/DEBUG] [net.minecraftforge.fml.javafmlmod.FMLJavaModLanguageProvider/LOADING]: Loading FMLModContainer from classloader cpw.mods.modlauncher.TransformingClassLoader@361abd01 - got cpw.mods.cl.ModuleClassLoader@47b2e9e1
[23Jul2025 20:53:21.349] [main/DEBUG] [net.minecraftforge.fml.javafmlmod.FMLModContainer/LOADING]: Creating FMLModContainer instance for com.blamejared.clumps.Clumps
[23Jul2025 20:53:21.349] [main/DEBUG] [net.minecraftforge.fml.javafmlmod.FMLJavaModLanguageProvider/LOADING]: Loading FMLModContainer from classloader cpw.mods.modlauncher.TransformingClassLoader@361abd01 - got cpw.mods.cl.ModuleClassLoader@47b2e9e1
[23Jul2025 20:53:21.349] [main/DEBUG] [net.minecraftforge.fml.javafmlmod.FMLModContainer/LOADING]: Creating FMLModContainer instance for com.blamejared.controlling.Controlling
[23Jul2025 20:53:21.350] [main/DEBUG] [net.minecraftforge.fml.javafmlmod.FMLJavaModLanguageProvider/LOADING]: Loading FMLModContainer from classloader cpw.mods.modlauncher.TransformingClassLoader@361abd01 - got cpw.mods.cl.ModuleClassLoader@47b2e9e1
[23Jul2025 20:53:21.350] [main/DEBUG] [net.minecraftforge.fml.javafmlmod.FMLModContainer/LOADING]: Creating FMLModContainer instance for com.blamejared.searchables.SearchablesForge
[23Jul2025 20:53:21.350] [main/DEBUG] [net.minecraftforge.fml.javafmlmod.FMLJavaModLanguageProvider/LOADING]: Loading FMLModContainer from classloader cpw.mods.modlauncher.TransformingClassLoader@361abd01 - got cpw.mods.cl.ModuleClassLoader@47b2e9e1
[23Jul2025 20:53:21.350] [main/DEBUG] [net.minecraftforge.fml.javafmlmod.FMLModContainer/LOADING]: Creating FMLModContainer instance for org.embeddedt.modernfix.forge.init.ModernFixForge
[23Jul2025 20:53:21.351] [main/DEBUG] [net.minecraftforge.fml.javafmlmod.FMLJavaModLanguageProvider/LOADING]: Loading FMLModContainer from classloader cpw.mods.modlauncher.TransformingClassLoader@361abd01 - got cpw.mods.cl.ModuleClassLoader@47b2e9e1
[23Jul2025 20:53:21.351] [main/DEBUG] [net.minecraftforge.fml.javafmlmod.FMLModContainer/LOADING]: Creating FMLModContainer instance for com.llamalad7.mixinextras.platform.forge.MixinExtrasMod
[23Jul2025 20:53:21.351] [main/DEBUG] [net.minecraftforge.fml.javafmlmod.FMLJavaModLanguageProvider/LOADING]: Loading FMLModContainer from classloader cpw.mods.modlauncher.TransformingClassLoader@361abd01 - got cpw.mods.cl.ModuleClassLoader@47b2e9e1
[23Jul2025 20:53:21.351] [main/DEBUG] [net.minecraftforge.fml.javafmlmod.FMLModContainer/LOADING]: Creating FMLModContainer instance for dev.architectury.forge.ArchitecturyForge
[23Jul2025 20:53:21.351] [main/DEBUG] [net.minecraftforge.fml.javafmlmod.FMLJavaModLanguageProvider/LOADING]: Loading FMLModContainer from classloader cpw.mods.modlauncher.TransformingClassLoader@361abd01 - got cpw.mods.cl.ModuleClassLoader@47b2e9e1
[23Jul2025 20:53:21.351] [main/DEBUG] [net.minecraftforge.fml.javafmlmod.FMLModContainer/LOADING]: Creating FMLModContainer instance for malte0811.ferritecore.ModMainForge
[23Jul2025 20:53:21.352] [main/DEBUG] [net.minecraftforge.fml.javafmlmod.FMLJavaModLanguageProvider/LOADING]: Loading FMLModContainer from classloader cpw.mods.modlauncher.TransformingClassLoader@361abd01 - got cpw.mods.cl.ModuleClassLoader@47b2e9e1
[23Jul2025 20:53:21.352] [main/DEBUG] [net.minecraftforge.fml.javafmlmod.FMLModContainer/LOADING]: Creating FMLModContainer instance for me.flashyreese.mods.sodiumextra.EmbeddiumExtraMod
[23Jul2025 20:53:21.352] [main/DEBUG] [net.minecraftforge.fml.javafmlmod.FMLJavaModLanguageProvider/LOADING]: Loading FMLModContainer from classloader cpw.mods.modlauncher.TransformingClassLoader@361abd01 - got cpw.mods.cl.ModuleClassLoader@47b2e9e1
[23Jul2025 20:53:21.353] [main/DEBUG] [net.minecraftforge.fml.javafmlmod.FMLModContainer/LOADING]: Creating FMLModContainer instance for tschipp.carryon.CarryOnForge
[23Jul2025 20:53:21.353] [main/DEBUG] [net.minecraftforge.fml.javafmlmod.FMLJavaModLanguageProvider/LOADING]: Loading FMLModContainer from classloader cpw.mods.modlauncher.TransformingClassLoader@361abd01 - got cpw.mods.cl.ModuleClassLoader@47b2e9e1
[23Jul2025 20:53:21.353] [main/DEBUG] [net.minecraftforge.fml.javafmlmod.FMLModContainer/LOADING]: Creating FMLModContainer instance for mod.azure.azurelib.NeoForgeAzureLibMod
[23Jul2025 20:53:21.353] [main/DEBUG] [net.minecraftforge.fml.javafmlmod.FMLJavaModLanguageProvider/LOADING]: Loading FMLModContainer from classloader cpw.mods.modlauncher.TransformingClassLoader@361abd01 - got cpw.mods.cl.ModuleClassLoader@47b2e9e1
[23Jul2025 20:53:21.353] [main/DEBUG] [net.minecraftforge.fml.javafmlmod.FMLModContainer/LOADING]: Creating FMLModContainer instance for team.lodestar.lodestone.LodestoneLib
[23Jul2025 20:53:21.354] [main/DEBUG] [net.minecraftforge.fml.javafmlmod.FMLJavaModLanguageProvider/LOADING]: Loading FMLModContainer from classloader cpw.mods.modlauncher.TransformingClassLoader@361abd01 - got cpw.mods.cl.ModuleClassLoader@47b2e9e1
[23Jul2025 20:53:21.354] [main/DEBUG] [net.minecraftforge.fml.javafmlmod.FMLModContainer/LOADING]: Creating FMLModContainer instance for me.shedaniel.clothconfig.ClothConfigForge
[23Jul2025 20:53:21.354] [main/DEBUG] [net.minecraftforge.fml.javafmlmod.FMLJavaModLanguageProvider/LOADING]: Loading FMLModContainer from classloader cpw.mods.modlauncher.TransformingClassLoader@361abd01 - got cpw.mods.cl.ModuleClassLoader@47b2e9e1
[23Jul2025 20:53:21.354] [main/DEBUG] [net.minecraftforge.fml.javafmlmod.FMLModContainer/LOADING]: Creating FMLModContainer instance for net.minecraftforge.common.ForgeMod
[23Jul2025 20:53:21.356] [main/DEBUG] [net.minecraftforge.fml.javafmlmod.FMLJavaModLanguageProvider/LOADING]: Loading FMLModContainer from classloader cpw.mods.modlauncher.TransformingClassLoader@361abd01 - got cpw.mods.cl.ModuleClassLoader@47b2e9e1
[23Jul2025 20:53:21.356] [main/DEBUG] [net.minecraftforge.fml.javafmlmod.FMLModContainer/LOADING]: Creating FMLModContainer instance for betterdays.BetterDaysForge
[23Jul2025 20:53:21.356] [main/DEBUG] [net.minecraftforge.fml.javafmlmod.FMLJavaModLanguageProvider/LOADING]: Loading FMLModContainer from classloader cpw.mods.modlauncher.TransformingClassLoader@361abd01 - got cpw.mods.cl.ModuleClassLoader@47b2e9e1
[23Jul2025 20:53:21.356] [main/DEBUG] [net.minecraftforge.fml.javafmlmod.FMLModContainer/LOADING]: Creating FMLModContainer instance for com.kamikaguya.ash_of_sin_soul_like_boss_battle.main.AshOfSin
[23Jul2025 20:53:21.357] [main/DEBUG] [net.minecraftforge.fml.javafmlmod.FMLJavaModLanguageProvider/LOADING]: Loading FMLModContainer from classloader cpw.mods.modlauncher.TransformingClassLoader@361abd01 - got cpw.mods.cl.ModuleClassLoader@47b2e9e1
[23Jul2025 20:53:21.357] [main/DEBUG] [net.minecraftforge.fml.javafmlmod.FMLModContainer/LOADING]: Creating FMLModContainer instance for me.jellysquid.mods.sodium.client.SodiumClientMod
[23Jul2025 20:53:21.357] [main/DEBUG] [net.minecraftforge.fml.javafmlmod.FMLJavaModLanguageProvider/LOADING]: Loading FMLModContainer from classloader cpw.mods.modlauncher.TransformingClassLoader@361abd01 - got cpw.mods.cl.ModuleClassLoader@47b2e9e1
[23Jul2025 20:53:21.357] [main/DEBUG] [net.minecraftforge.fml.javafmlmod.FMLModContainer/LOADING]: Creating FMLModContainer instance for me.jellysquid.mods.sodium.client.RubidiumStub
[23Jul2025 20:53:21.357] [main/DEBUG] [net.minecraftforge.fml.javafmlmod.FMLJavaModLanguageProvider/LOADING]: Loading FMLModContainer from classloader cpw.mods.modlauncher.TransformingClassLoader@361abd01 - got cpw.mods.cl.ModuleClassLoader@47b2e9e1
[23Jul2025 20:53:21.358] [main/DEBUG] [net.minecraftforge.fml.javafmlmod.FMLModContainer/LOADING]: Creating FMLModContainer instance for net.arna.jcraft.forge.JCraftForge
[23Jul2025 20:53:21.358] [main/DEBUG] [net.minecraftforge.fml.javafmlmod.FMLJavaModLanguageProvider/LOADING]: Loading FMLModContainer from classloader cpw.mods.modlauncher.TransformingClassLoader@361abd01 - got cpw.mods.cl.ModuleClassLoader@47b2e9e1
[23Jul2025 20:53:21.358] [main/DEBUG] [net.minecraftforge.fml.javafmlmod.FMLModContainer/LOADING]: Creating FMLModContainer instance for dhyces.trimmed.ForgeTrimmed
[23Jul2025 20:53:21.455] [modloading-worker-0/DEBUG] [mixin/]: Mixing perf.forge_registry_lambda.RegistryObjectMixin from modernfix-forge.mixins.json into net.minecraftforge.registries.RegistryObject
[23Jul2025 20:53:21.458] [modloading-worker-0/DEBUG] [net.minecraftforge.fml.javafmlmod.AutomaticEventSubscriber/LOADING]: Attempting to inject @EventBusSubscriber classes into the eventbus for jade
[23Jul2025 20:53:21.458] [modloading-worker-0/DEBUG] [net.minecraftforge.fml.javafmlmod.AutomaticEventSubscriber/LOADING]: Attempting to inject @EventBusSubscriber classes into the eventbus for terrablender
[23Jul2025 20:53:21.460] [modloading-worker-0/DEBUG] [net.minecraftforge.fml.javafmlmod.AutomaticEventSubscriber/LOADING]: Attempting to inject @EventBusSubscriber classes into the eventbus for playeranimator
[23Jul2025 20:53:21.463] [modloading-worker-0/DEBUG] [net.minecraftforge.fml.javafmlmod.AutomaticEventSubscriber/LOADING]: Attempting to inject @EventBusSubscriber classes into the eventbus for geckolib
[23Jul2025 20:53:21.463] [modloading-worker-0/DEBUG] [net.minecraftforge.fml.javafmlmod.AutomaticEventSubscriber/LOADING]: Auto-subscribing terrablender.handler.InitializationHandler to FORGE
[23Jul2025 20:53:21.463] [modloading-worker-0/DEBUG] [net.minecraftforge.fml.javafmlmod.AutomaticEventSubscriber/LOADING]: Auto-subscribing software.bernie.example.GeckoLibMod to FORGE
[23Jul2025 20:53:21.463] [modloading-worker-0/DEBUG] [net.minecraftforge.fml.javafmlmod.AutomaticEventSubscriber/LOADING]: Auto-subscribing software.bernie.example.CommonListener to MOD
[23Jul2025 20:53:21.465] [modloading-worker-0/DEBUG] [net.minecraftforge.fml.javafmlmod.AutomaticEventSubscriber/LOADING]: Attempting to inject @EventBusSubscriber classes into the eventbus for whispering_spirits
[23Jul2025 20:53:21.465] [modloading-worker-0/DEBUG] [net.minecraftforge.fml.javafmlmod.AutomaticEventSubscriber/LOADING]: Auto-subscribing net.yourlocalgamedev.whisperingspirits.procedures.PlayerLookAtSpiritProcedure to FORGE
[23Jul2025 20:53:21.466] [modloading-worker-0/DEBUG] [net.minecraftforge.fml.javafmlmod.AutomaticEventSubscriber/LOADING]: Attempting to inject @EventBusSubscriber classes into the eventbus for clumps
[23Jul2025 20:53:21.467] [modloading-worker-0/DEBUG] [mixin/]: Mixing pehkui.compat.ScaleTypeMixin from pehkui.mixins.json into virtuoel.pehkui.api.ScaleType
[23Jul2025 20:53:21.468] [modloading-worker-0/DEBUG] [net.minecraftforge.fml.javafmlmod.AutomaticEventSubscriber/LOADING]: Auto-subscribing net.yourlocalgamedev.whisperingspirits.init.WhisperingSpiritsModTabs to MOD
[23Jul2025 20:53:21.469] [modloading-worker-0/DEBUG] [net.minecraftforge.fml.javafmlmod.AutomaticEventSubscriber/LOADING]: Attempting to inject @EventBusSubscriber classes into the eventbus for spectrelib
[23Jul2025 20:53:21.470] [modloading-worker-0/DEBUG] [net.minecraftforge.fml.javafmlmod.AutomaticEventSubscriber/LOADING]: Attempting to inject @EventBusSubscriber classes into the eventbus for searchables
[23Jul2025 20:53:21.470] [modloading-worker-0/DEBUG] [net.minecraftforge.fml.javafmlmod.AutomaticEventSubscriber/LOADING]: Attempting to inject @EventBusSubscriber classes into the eventbus for controlling
[23Jul2025 20:53:21.471] [modloading-worker-0/DEBUG] [net.minecraftforge.fml.javafmlmod.AutomaticEventSubscriber/LOADING]: Attempting to inject @EventBusSubscriber classes into the eventbus for mixinextras
[23Jul2025 20:53:21.471] [modloading-worker-0/DEBUG] [net.minecraftforge.fml.javafmlmod.AutomaticEventSubscriber/LOADING]: Auto-subscribing net.yourlocalgamedev.whisperingspirits.init.WhisperingSpiritsModEntities to MOD
[23Jul2025 20:53:21.474] [modloading-worker-0/DEBUG] [net.minecraftforge.fml.javafmlmod.AutomaticEventSubscriber/LOADING]: Attempting to inject @EventBusSubscriber classes into the eventbus for ferritecore
[23Jul2025 20:53:21.474] [modloading-worker-0/DEBUG] [net.minecraftforge.fml.javafmlmod.AutomaticEventSubscriber/LOADING]: Attempting to inject @EventBusSubscriber classes into the eventbus for embeddium_extra
[23Jul2025 20:53:21.481] [modloading-worker-0/DEBUG] [mixin/]: Mixing MixinLevelEvent from architectury.mixins.json into net.minecraftforge.event.level.LevelEvent
[23Jul2025 20:53:21.490] [modloading-worker-0/DEBUG] [mixin/]: Mixing compat1201minus.PlayerManagerMixin from pehkui.mixins.json into net.minecraft.server.players.PlayerList
[23Jul2025 20:53:21.490] [modloading-worker-0/DEBUG] [mixin/]: Mixing perf.smart_ingredient_sync.PlayerListMixin from modernfix-forge.mixins.json into net.minecraft.server.players.PlayerList
[23Jul2025 20:53:21.492] [modloading-worker-0/DEBUG] [mixin/]: Mixing PlayerListMixin from azurelib.forge.mixins.json into net.minecraft.server.players.PlayerList
[23Jul2025 20:53:21.492] [modloading-worker-0/DEBUG] [mixin/]: Renaming synthetic method lambda$azurelib$sendServerConfigs$0(Lnet/minecraft/server/level/ServerPlayer;Ljava/lang/String;)V to md66b7c5$lambda$azurelib$sendServerConfigs$0$0 in azurelib.forge.mixins.json:PlayerListMixin
[23Jul2025 20:53:21.507] [modloading-worker-0/DEBUG] [Carry On/]: Loaded tschipp.carryon.platform.ForgePlatformHelper@611f21c5 for service interface tschipp.carryon.platform.services.IPlatformHelper
[23Jul2025 20:53:21.508] [modloading-worker-0/DEBUG] [Carry On/]: Loaded tschipp.carryon.platform.ForgeGamestagesHelper@73dfab9d for service interface tschipp.carryon.platform.services.IGamestagePlatformHelper
[23Jul2025 20:53:21.519] [modloading-worker-0/DEBUG] [net.minecraftforge.fml.config.ConfigTracker/CONFIG]: Config file modernfix-common.toml for modernfix tracking
[23Jul2025 20:53:21.519] [modloading-worker-0/DEBUG] [mixin/]: Mixing compat1202minus.compat116plus.ExplosionMixin from pehkui.mixins.json into net.minecraft.world.level.Explosion
[23Jul2025 20:53:21.519] [modloading-worker-0/DEBUG] [mixin/]: Mixing ExplosionMixin from jcraft.mixins.json into net.minecraft.world.level.Explosion
[23Jul2025 20:53:21.521] [modloading-worker-0/DEBUG] [mixin/]: Mixing gravity.ExplosionMixin from jcraft.mixins.json into net.minecraft.world.level.Explosion
[23Jul2025 20:53:21.539] [modloading-worker-0/DEBUG] [net.minecraftforge.fml.javafmlmod.AutomaticEventSubscriber/LOADING]: Attempting to inject @EventBusSubscriber classes into the eventbus for modernfix
[23Jul2025 20:53:21.540] [modloading-worker-0/DEBUG] [net.minecraftforge.fml.config.ConfigTracker/CONFIG]: Config file carryon-client.toml for carryon tracking
[23Jul2025 20:53:21.540] [modloading-worker-0/DEBUG] [net.minecraftforge.fml.config.ConfigTracker/CONFIG]: Config file carryon-common.toml for carryon tracking
[23Jul2025 20:53:21.540] [modloading-worker-0/DEBUG] [net.minecraftforge.fml.javafmlmod.AutomaticEventSubscriber/LOADING]: Attempting to inject @EventBusSubscriber classes into the eventbus for carryon
[23Jul2025 20:53:21.540] [modloading-worker-0/DEBUG] [net.minecraftforge.fml.javafmlmod.AutomaticEventSubscriber/LOADING]: Auto-subscribing tschipp.carryon.CarryOnForge to MOD
[23Jul2025 20:53:21.541] [modloading-worker-0/DEBUG] [net.minecraftforge.fml.javafmlmod.AutomaticEventSubscriber/LOADING]: Auto-subscribing tschipp.carryon.events.CommonEvents to FORGE
[23Jul2025 20:53:21.545] [modloading-worker-0/DEBUG] [net.minecraftforge.fml.config.ConfigTracker/CONFIG]: Config file pehkui-client.toml for pehkui tracking
[23Jul2025 20:53:21.545] [modloading-worker-0/DEBUG] [net.minecraftforge.fml.config.ConfigTracker/CONFIG]: Config file pehkui-server.toml for pehkui tracking
[23Jul2025 20:53:21.546] [modloading-worker-0/DEBUG] [net.minecraftforge.fml.config.ConfigTracker/CONFIG]: Config file pehkui-common.toml for pehkui tracking
[23Jul2025 20:53:21.547] [modloading-worker-0/DEBUG] [mixin/]: Mixing ReloadableServerResourcesMixin from jcraft.mixins.json into net.minecraft.server.ReloadableServerResources
[23Jul2025 20:53:21.556] [modloading-worker-0/DEBUG] [net.minecraftforge.fml.javafmlmod.AutomaticEventSubscriber/LOADING]: Auto-subscribing tschipp.carryon.events.ModBusEvents to MOD
[23Jul2025 20:53:21.561] [modloading-worker-0/DEBUG] [net.minecraftforge.fml.javafmlmod.AutomaticEventSubscriber/LOADING]: Attempting to inject @EventBusSubscriber classes into the eventbus for pehkui
[23Jul2025 20:53:21.562] [modloading-worker-0/DEBUG] [net.minecraftforge.fml.javafmlmod.AutomaticEventSubscriber/LOADING]: Attempting to inject @EventBusSubscriber classes into the eventbus for cloth_config
[23Jul2025 20:53:21.564] [modloading-worker-0/DEBUG] [net.minecraftforge.fml.config.ConfigTracker/CONFIG]: Config file lodestone-client.toml for lodestone tracking
[23Jul2025 20:53:21.569] [modloading-worker-0/DEBUG] [net.minecraftforge.fml.javafmlmod.AutomaticEventSubscriber/LOADING]: Attempting to inject @EventBusSubscriber classes into the eventbus for architectury
[23Jul2025 20:53:21.569] [modloading-worker-0/DEBUG] [net.minecraftforge.fml.javafmlmod.AutomaticEventSubscriber/LOADING]: Auto-subscribing dev.architectury.registry.level.entity.trade.forge.TradeRegistryImpl to FORGE
[23Jul2025 20:53:21.572] [modloading-worker-0/DEBUG] [net.minecraftforge.fml.javafmlmod.AutomaticEventSubscriber/LOADING]: Auto-subscribing dev.architectury.registry.forge.ReloadListenerRegistryImpl to FORGE
[23Jul2025 20:53:21.573] [modloading-worker-0/DEBUG] [net.minecraftforge.fml.javafmlmod.AutomaticEventSubscriber/LOADING]: Auto-subscribing dev.architectury.networking.forge.NetworkManagerImpl to FORGE
[23Jul2025 20:53:21.574] [modloading-worker-0/DEBUG] [net.minecraftforge.versions.forge.ForgeVersion/CORE]: Forge Version package package net.minecraftforge.versions.forge, Forge, version 47.3 from cpw.mods.modlauncher.TransformingClassLoader@361abd01
[23Jul2025 20:53:21.574] [modloading-worker-0/DEBUG] [net.minecraftforge.versions.forge.ForgeVersion/CORE]: Found Forge version 47.3.7
[23Jul2025 20:53:21.574] [modloading-worker-0/DEBUG] [net.minecraftforge.versions.forge.ForgeVersion/CORE]: Found Forge spec 47.3
[23Jul2025 20:53:21.574] [modloading-worker-0/DEBUG] [net.minecraftforge.versions.forge.ForgeVersion/CORE]: Found Forge group net.minecraftforge
[23Jul2025 20:53:21.574] [modloading-worker-0/INFO] [net.minecraftforge.common.ForgeMod/FORGEMOD]: Forge mod loading, version 47.3.7, for MC 1.20.1 with MCP 20230612.114412
[23Jul2025 20:53:21.574] [modloading-worker-0/INFO] [net.minecraftforge.common.MinecraftForge/FORGE]: MinecraftForge v47.3.7 Initialized
[23Jul2025 20:53:21.578] [modloading-worker-0/INFO] [dev.architectury.networking.forge.NetworkManagerImpl/]: Registering C2S receiver with id architectury:sync_ids
[23Jul2025 20:53:21.584] [modloading-worker-0/DEBUG] [net.minecraftforge.fml.javafmlmod.AutomaticEventSubscriber/LOADING]: Attempting to inject @EventBusSubscriber classes into the eventbus for lodestone
[23Jul2025 20:53:21.584] [modloading-worker-0/DEBUG] [net.minecraftforge.fml.javafmlmod.AutomaticEventSubscriber/LOADING]: Auto-subscribing team.lodestar.lodestone.registry.common.LodestonePlacementFillerRegistry to MOD
[23Jul2025 20:53:21.586] [modloading-worker-0/DEBUG] [net.minecraftforge.fml.javafmlmod.AutomaticEventSubscriber/LOADING]: Auto-subscribing team.lodestar.lodestone.registry.common.LodestonePacketRegistry to MOD
[23Jul2025 20:53:21.587] [modloading-worker-0/DEBUG] [net.minecraftforge.fml.javafmlmod.AutomaticEventSubscriber/LOADING]: Auto-subscribing team.lodestar.lodestone.registry.common.LodestoneCommandRegistry to FORGE
[23Jul2025 20:53:21.588] [modloading-worker-0/DEBUG] [Better Days/]: Loaded betterdays.platform.ForgeClientPlatform@5934bb0 for service interface betterdays.platform.services.IClientPlatform
[23Jul2025 20:53:21.589] [modloading-worker-0/DEBUG] [net.minecraftforge.fml.javafmlmod.AutomaticEventSubscriber/LOADING]: Auto-subscribing team.lodestar.lodestone.registry.common.LodestoneAttributeRegistry to MOD
[23Jul2025 20:53:21.590] [modloading-worker-0/DEBUG] [Better Days/]: Loaded betterdays.platform.ForgePlatform@6e89a70 for service interface betterdays.platform.services.IPlatform
[23Jul2025 20:53:21.591] [modloading-worker-0/DEBUG] [net.minecraftforge.fml.javafmlmod.AutomaticEventSubscriber/LOADING]: Auto-subscribing team.lodestar.lodestone.events.SetupEvents to MOD
[23Jul2025 20:53:21.591] [modloading-worker-0/DEBUG] [Better Days/]: Loaded betterdays.platform.ForgeRegistryProvider@73477a5c for service interface betterdays.platform.services.IRegistryFactory
[23Jul2025 20:53:21.593] [modloading-worker-0/DEBUG] [net.minecraftforge.fml.javafmlmod.AutomaticEventSubscriber/LOADING]: Auto-subscribing team.lodestar.lodestone.events.RuntimeEvents to FORGE
[23Jul2025 20:53:21.613] [modloading-worker-0/DEBUG] [SpectreLib/CONFIG]: Config file betterdays-common.toml for betterdays added to tracking
[23Jul2025 20:53:21.613] [modloading-worker-0/DEBUG] [net.minecraftforge.fml.javafmlmod.AutomaticEventSubscriber/LOADING]: Attempting to inject @EventBusSubscriber classes into the eventbus for betterdays
[23Jul2025 20:53:21.628] [modloading-worker-0/DEBUG] [net.minecraftforge.fml.javafmlmod.AutomaticEventSubscriber/LOADING]: Attempting to inject @EventBusSubscriber classes into the eventbus for ash_of_sin_soul_like_boss_battle
[23Jul2025 20:53:21.628] [modloading-worker-0/DEBUG] [net.minecraftforge.fml.javafmlmod.AutomaticEventSubscriber/LOADING]: Auto-subscribing com.kamikaguya.ash_of_sin_soul_like_boss_battle.events.AshOfSinSoulLikeBossBattleEvent to FORGE
[23Jul2025 20:53:21.632] [modloading-worker-0/DEBUG] [net.minecraftforge.fml.javafmlmod.AutomaticEventSubscriber/LOADING]: Attempting to inject @EventBusSubscriber classes into the eventbus for rubidium
[23Jul2025 20:53:21.634] [modloading-worker-0/DEBUG] [azurelib/IO]: Starting processing of config azurelib
[23Jul2025 20:53:21.635] [modloading-worker-0/DEBUG] [net.minecraftforge.common.ForgeMod/FORGEMOD]: Loading Network data for FML net version: FML3
[23Jul2025 20:53:21.635] [modloading-worker-0/DEBUG] [azurelib/IO]: Reading config azurelib
[23Jul2025 20:53:21.635] [modloading-worker-0/DEBUG] [net.minecraftforge.fml.javafmlmod.AutomaticEventSubscriber/LOADING]: Attempting to inject @EventBusSubscriber classes into the eventbus for embeddium
[23Jul2025 20:53:21.636] [modloading-worker-0/DEBUG] [net.minecraftforge.fml.javafmlmod.AutomaticEventSubscriber/LOADING]: Attempting to inject @EventBusSubscriber classes into the eventbus for trimmed
[23Jul2025 20:53:21.640] [modloading-worker-0/DEBUG] [azurelib/IO]: Writing config azurelib
[23Jul2025 20:53:21.641] [modloading-worker-0/DEBUG] [azurelib/IO]: Processing of config azurelib has finished
[23Jul2025 20:53:21.642] [modloading-worker-0/INFO] [azurelib/FileWatching]: Registered azurelib config for auto-sync function
[23Jul2025 20:53:21.646] [modloading-worker-0/DEBUG] [net.minecraftforge.fml.javafmlmod.AutomaticEventSubscriber/LOADING]: Attempting to inject @EventBusSubscriber classes into the eventbus for azurelib
[23Jul2025 20:53:21.646] [modloading-worker-0/DEBUG] [net.minecraftforge.fml.javafmlmod.AutomaticEventSubscriber/LOADING]: Auto-subscribing mod.azure.azurelib.NeoForgeAzureLibMod to FORGE
[23Jul2025 20:53:21.649] [modloading-worker-0/DEBUG] [net.minecraftforge.fml.config.ConfigTracker/CONFIG]: Config file forge-client.toml for forge tracking
[23Jul2025 20:53:21.649] [modloading-worker-0/DEBUG] [net.minecraftforge.fml.config.ConfigTracker/CONFIG]: Config file forge-server.toml for forge tracking
[23Jul2025 20:53:21.649] [modloading-worker-0/DEBUG] [net.minecraftforge.fml.ModLoadingContext/]: Attempted to register an empty config for type COMMON on mod forge
[23Jul2025 20:53:21.664] [modloading-worker-0/DEBUG] [net.minecraftforge.fml.javafmlmod.AutomaticEventSubscriber/LOADING]: Attempting to inject @EventBusSubscriber classes into the eventbus for forge
[23Jul2025 20:53:21.664] [modloading-worker-0/DEBUG] [net.minecraftforge.fml.javafmlmod.AutomaticEventSubscriber/LOADING]: Auto-subscribing net.minecraftforge.common.ForgeSpawnEggItem$CommonHandler to MOD
[23Jul2025 20:53:21.859] [modloading-worker-0/INFO] [dev.architectury.networking.forge.NetworkManagerImpl/]: Registering C2S receiver with id jcraft:plr_input
[23Jul2025 20:53:21.860] [modloading-worker-0/INFO] [dev.architectury.networking.forge.NetworkManagerImpl/]: Registering C2S receiver with id jcraft:plr_input_h
[23Jul2025 20:53:21.860] [modloading-worker-0/INFO] [dev.architectury.networking.forge.NetworkManagerImpl/]: Registering C2S receiver with id jcraft:config_update
[23Jul2025 20:53:21.861] [modloading-worker-0/INFO] [dev.architectury.networking.forge.NetworkManagerImpl/]: Registering C2S receiver with id jcraft:stnd_blk
[23Jul2025 20:53:21.862] [modloading-worker-0/INFO] [dev.architectury.networking.forge.NetworkManagerImpl/]: Registering C2S receiver with id jcraft:cdc
[23Jul2025 20:53:21.863] [modloading-worker-0/INFO] [dev.architectury.networking.forge.NetworkManagerImpl/]: Registering C2S receiver with id jcraft:rmt_stnd_act
[23Jul2025 20:53:21.863] [modloading-worker-0/INFO] [dev.architectury.networking.forge.NetworkManagerImpl/]: Registering C2S receiver with id jcraft:prdct_trig
[23Jul2025 20:53:21.864] [modloading-worker-0/INFO] [dev.architectury.networking.forge.NetworkManagerImpl/]: Registering C2S receiver with id jcraft:menu
[23Jul2025 20:53:21.873] [modloading-worker-0/INFO] [dev.architectury.networking.forge.NetworkManagerImpl/]: Registering C2S receiver with id jcraft:time_c2s
[23Jul2025 20:53:21.875] [modloading-worker-0/INFO] [dev.architectury.networking.forge.NetworkManagerImpl/]: Registering C2S receiver with id jcraft:cd_c2s
[23Jul2025 20:53:21.877] [modloading-worker-0/INFO] [dev.architectury.networking.forge.NetworkManagerImpl/]: Registering C2S receiver with id jcraft:misc_c2s
[23Jul2025 20:53:21.878] [modloading-worker-0/INFO] [dev.architectury.networking.forge.NetworkManagerImpl/]: Registering C2S receiver with id jcraft:ph_c2s
[23Jul2025 20:53:21.880] [modloading-worker-0/INFO] [dev.architectury.networking.forge.NetworkManagerImpl/]: Registering C2S receiver with id jcraft:spec_c2s
[23Jul2025 20:53:21.882] [modloading-worker-0/INFO] [dev.architectury.networking.forge.NetworkManagerImpl/]: Registering C2S receiver with id jcraft:g_c2s
[23Jul2025 20:53:21.883] [modloading-worker-0/DEBUG] [net.minecraftforge.fml.javafmlmod.AutomaticEventSubscriber/LOADING]: Attempting to inject @EventBusSubscriber classes into the eventbus for jcraft
[23Jul2025 20:53:21.883] [modloading-worker-0/DEBUG] [net.minecraftforge.fml.javafmlmod.AutomaticEventSubscriber/LOADING]: Auto-subscribing net.arna.jcraft.forge.events.SetupEvents to MOD
[23Jul2025 20:53:21.885] [modloading-worker-0/DEBUG] [net.minecraftforge.fml.javafmlmod.AutomaticEventSubscriber/LOADING]: Auto-subscribing net.arna.jcraft.forge.events.RuntimeEvents to FORGE
[23Jul2025 20:53:22.054] [main/DEBUG] [SpectreLib/CONFIG]: Loading global configs
[23Jul2025 20:53:22.056] [main/DEBUG] [SpectreLib/]: Loaded com.illusivesoulworks.spectrelib.platform.ForgeConfigHelper@5aa345a5 for service interface com.illusivesoulworks.spectrelib.platform.services.IConfigHelper
[23Jul2025 20:53:22.056] [main/DEBUG] [SpectreLib/CONFIG]: Built TOML config for /workspaces/shiny-telegram/servidor_minecraft/config/betterdays-common.toml
[23Jul2025 20:53:22.058] [main/DEBUG] [SpectreLib/CONFIG]: Loaded TOML config file /workspaces/shiny-telegram/servidor_minecraft/config/betterdays-common.toml
[23Jul2025 20:53:22.504] [main/DEBUG] [net.minecraftforge.common.capabilities.CapabilityManager/CAPABILITIES]: Attempting to automatically register: Lnet/minecraftforge/energy/IEnergyStorage;
[23Jul2025 20:53:22.505] [main/DEBUG] [net.minecraftforge.common.capabilities.CapabilityManager/CAPABILITIES]: Attempting to automatically register: Lnet/minecraftforge/fluids/capability/IFluidHandler;
[23Jul2025 20:53:22.505] [main/DEBUG] [net.minecraftforge.common.capabilities.CapabilityManager/CAPABILITIES]: Attempting to automatically register: Lnet/minecraftforge/fluids/capability/IFluidHandlerItem;
[23Jul2025 20:53:22.505] [main/DEBUG] [net.minecraftforge.common.capabilities.CapabilityManager/CAPABILITIES]: Attempting to automatically register: Lnet/minecraftforge/items/IItemHandler;
[23Jul2025 20:53:23.086] [main/DEBUG] [dev.architectury.core.item.ArchitecturySpawnEggItem/]: Registering spawn egg petshop_spawn_egg for jcraft:petshop
[23Jul2025 20:53:23.087] [main/DEBUG] [dev.architectury.core.item.ArchitecturySpawnEggItem/]: Registering spawn egg aya_tsuji_spawn_egg for jcraft:aya_tsuji
[23Jul2025 20:53:23.088] [main/DEBUG] [dev.architectury.core.item.ArchitecturySpawnEggItem/]: Registering spawn egg darby_older_spawn_egg for jcraft:darby_older
[23Jul2025 20:53:23.089] [main/DEBUG] [dev.architectury.core.item.ArchitecturySpawnEggItem/]: Registering spawn egg darby_younger_spawn_egg for jcraft:darby_younger
[23Jul2025 20:53:23.163] [main/DEBUG] [mixin/]: Mixing perf.faster_ingredients.ForgeHooksMixin from modernfix-forge.mixins.json into net.minecraftforge.common.ForgeHooks
[23Jul2025 20:53:23.185] [main/DEBUG] [mixin/]: Mixing compat116plus.TargetPredicateMixin from pehkui.mixins.json into net.minecraft.world.entity.ai.targeting.TargetingConditions
[23Jul2025 20:53:23.422] [main/DEBUG] [net.minecraftforge.fml.config.ConfigTracker/CONFIG]: Loading configs type COMMON
[23Jul2025 20:53:23.423] [main/DEBUG] [net.minecraftforge.fml.config.ConfigFileTypeHandler/CONFIG]: Built TOML config for /workspaces/shiny-telegram/servidor_minecraft/config/modernfix-common.toml
[23Jul2025 20:53:23.423] [main/DEBUG] [net.minecraftforge.fml.config.ConfigFileTypeHandler/CONFIG]: Loaded TOML config file /workspaces/shiny-telegram/servidor_minecraft/config/modernfix-common.toml
[23Jul2025 20:53:23.426] [main/DEBUG] [net.minecraftforge.fml.config.ConfigFileTypeHandler/CONFIG]: Watching TOML config file /workspaces/shiny-telegram/servidor_minecraft/config/modernfix-common.toml for changes
[23Jul2025 20:53:23.426] [main/DEBUG] [net.minecraftforge.fml.config.ConfigFileTypeHandler/CONFIG]: Built TOML config for /workspaces/shiny-telegram/servidor_minecraft/config/carryon-common.toml
[23Jul2025 20:53:23.427] [main/DEBUG] [net.minecraftforge.fml.config.ConfigFileTypeHandler/CONFIG]: Loaded TOML config file /workspaces/shiny-telegram/servidor_minecraft/config/carryon-common.toml
[23Jul2025 20:53:23.427] [main/DEBUG] [net.minecraftforge.fml.config.ConfigFileTypeHandler/CONFIG]: Watching TOML config file /workspaces/shiny-telegram/servidor_minecraft/config/carryon-common.toml for changes
[23Jul2025 20:53:23.454] [main/DEBUG] [net.minecraftforge.fml.config.ConfigFileTypeHandler/CONFIG]: Built TOML config for /workspaces/shiny-telegram/servidor_minecraft/config/pehkui-common.toml
[23Jul2025 20:53:23.455] [main/DEBUG] [net.minecraftforge.fml.config.ConfigFileTypeHandler/CONFIG]: Loaded TOML config file /workspaces/shiny-telegram/servidor_minecraft/config/pehkui-common.toml
[23Jul2025 20:53:23.455] [main/DEBUG] [net.minecraftforge.fml.config.ConfigFileTypeHandler/CONFIG]: Watching TOML config file /workspaces/shiny-telegram/servidor_minecraft/config/pehkui-common.toml for changes
[23Jul2025 20:53:23.613] [modloading-worker-0/DEBUG] [azurelib/FileWatching]: Starting file watching service
[23Jul2025 20:53:23.618] [modloading-worker-0/DEBUG] [ModernFix/]: Cleared 60 object holder stacktrace references
[23Jul2025 20:53:23.632] [main/DEBUG] [net.minecraftforge.fml.DeferredWorkQueue/LOADING]: Dispatching synchronous work for work queue COMMON_SETUP: 5 jobs
[23Jul2025 20:53:23.685] [main/INFO] [team.lodestar.lodestone.LodestoneLib/]: Registering world event types...
[23Jul2025 20:53:23.688] [main/DEBUG] [net.minecraftforge.fml.DeferredWorkQueue/LOADING]: Synchronous work queue completed in 56.30 ms
[23Jul2025 20:53:24.104] [modloading-worker-0/INFO] [Jade/]: Start loading plugin at snownee.jade.addon.vanilla.VanillaPlugin
[23Jul2025 20:53:24.212] [modloading-worker-0/INFO] [Jade/]: Start loading plugin at snownee.jade.addon.universal.UniversalPlugin
[23Jul2025 20:53:24.216] [modloading-worker-0/INFO] [Jade/]: Start loading plugin at snownee.jade.addon.core.CorePlugin
[23Jul2025 20:53:24.260] [Forge Version Check/INFO] [net.minecraftforge.fml.VersionChecker/]: [clumps] Starting version check at https://updates.blamejared.com/get?n=clumps&gv=1.20.1
[23Jul2025 20:53:24.866] [main/INFO] [com.mojang.authlib.yggdrasil.YggdrasilAuthenticationService/]: Environment: authHost='https://authserver.mojang.com', accountsHost='https://api.mojang.com', sessionHost='https://sessionserver.mojang.com', servicesHost='https://api.minecraftservices.com', name='PROD'
[23Jul2025 20:53:24.886] [Forge Version Check/DEBUG] [net.minecraftforge.fml.VersionChecker/]: [clumps] Received version check data:
{"homepage":"https://www.curseforge.com/minecraft/mc-mods/clumps","promos":{"1.20.1-latest":"12.0.0.4"}}
[23Jul2025 20:53:24.886] [Forge Version Check/INFO] [net.minecraftforge.fml.VersionChecker/]: [clumps] Found status: BETA Current: 12.0.0.4 Target: 12.0.0.4
[23Jul2025 20:53:24.887] [Forge Version Check/INFO] [net.minecraftforge.fml.VersionChecker/]: [controlling] Starting version check at https://updates.blamejared.com/get?n=controlling&gv=1.20.1
[23Jul2025 20:53:24.899] [main/DEBUG] [mixin/]: Mixing bugfix.removed_dimensions.LevelStorageSourceMixin from modernfix-forge.mixins.json into net.minecraft.world.level.storage.LevelStorageSource
[23Jul2025 20:53:24.912] [main/DEBUG] [mixin/]: Mixing perf.dynamic_dfu.DataFixersMixin from modernfix-common.mixins.json into net.minecraft.util.datafix.DataFixers
[23Jul2025 20:53:24.912] [main/DEBUG] [mixin/]: Renaming synthetic method lambda$createLazyFixerUpper$0(Ljava/util/Set;)Lcom/mojang/datafixers/DataFixer; to md66b7c5$lambda$createLazyFixerUpper$0$0 in modernfix-common.mixins.json:perf.dynamic_dfu.DataFixersMixin
[23Jul2025 20:53:24.985] [Forge Version Check/DEBUG] [net.minecraftforge.fml.VersionChecker/]: [controlling] Received version check data:
{"homepage":"https://www.curseforge.com/minecraft/mc-mods/controlling","promos":{"1.20.1-latest":"12.0.2"}}
[23Jul2025 20:53:24.985] [Forge Version Check/INFO] [net.minecraftforge.fml.VersionChecker/]: [controlling] Found status: BETA Current: 12.0.2 Target: 12.0.2
[23Jul2025 20:53:24.985] [Forge Version Check/INFO] [net.minecraftforge.fml.VersionChecker/]: [searchables] Starting version check at https://updates.blamejared.com/get?n=searchables&gv=1.20.1
[23Jul2025 20:53:25.011] [main/INFO] [ModernFix/]: Bypassed Mojang DFU
[23Jul2025 20:53:25.015] [main/DEBUG] [mixin/]: Mixing LevelStorageAccessAccessor from jcraft.mixins.json into net.minecraft.world.level.storage.LevelStorageSource$LevelStorageAccess
[23Jul2025 20:53:25.082] [Forge Version Check/DEBUG] [net.minecraftforge.fml.VersionChecker/]: [searchables] Received version check data:
{"homepage":"https://www.curseforge.com/minecraft/mc-mods/searchables","promos":{"1.20.1-latest":"1.0.3"}}
[23Jul2025 20:53:25.082] [Forge Version Check/INFO] [net.minecraftforge.fml.VersionChecker/]: [searchables] Found status: BETA Current: 1.0.3 Target: 1.0.3
[23Jul2025 20:53:25.083] [Forge Version Check/INFO] [net.minecraftforge.fml.VersionChecker/]: [embeddium_extra] Starting version check at https://api.modrinth.com/updates/rubidium-extra/forge_updates.json
[23Jul2025 20:53:25.164] [main/DEBUG] [mixin/]: Mixing perf.dynamic_dfu.DataFixTypesMixin from modernfix-common.mixins.json into net.minecraft.util.datafix.DataFixTypes
[23Jul2025 20:53:25.184] [main/WARN] [net.minecraft.server.packs.VanillaPackResourcesBuilder/]: Assets URL 'union:/workspaces/shiny-telegram/servidor_minecraft/libraries/net/minecraft/server/1.20.1-20230612.114412/server-1.20.1-20230612.114412-srg.jar%23143!/assets/.mcassetsroot' uses unexpected schema
[23Jul2025 20:53:25.184] [main/WARN] [net.minecraft.server.packs.VanillaPackResourcesBuilder/]: Assets URL 'union:/workspaces/shiny-telegram/servidor_minecraft/libraries/net/minecraft/server/1.20.1-20230612.114412/server-1.20.1-20230612.114412-srg.jar%23143!/data/.mcassetsroot' uses unexpected schema
[23Jul2025 20:53:25.201] [main/DEBUG] [mixin/]: Mixing feature.measure_time.WorldLoaderMixin from modernfix-common.mixins.json into net.minecraft.server.WorldLoader
[23Jul2025 20:53:25.201] [main/DEBUG] [mixin/]: Renaming synthetic method lambda$finishStopwatch$0(Lcom/google/common/base/Stopwatch;Ljava/lang/Object;Ljava/lang/Throwable;)V to md66b7c5$lambda$finishStopwatch$0$0 in modernfix-common.mixins.json:feature.measure_time.WorldLoaderMixin
[23Jul2025 20:53:25.202] [main/DEBUG] [mixin/]: Mixing core.WorldLoaderMixin from modernfix-forge.mixins.json into net.minecraft.server.WorldLoader
[23Jul2025 20:53:25.202] [main/DEBUG] [mixin/]: Renaming synthetic method lambda$trackEndReload$0(Ljava/lang/Object;)Ljava/lang/Object; to md66b7c5$lambda$trackEndReload$0$1 in modernfix-forge.mixins.json:core.WorldLoaderMixin
[23Jul2025 20:53:25.208] [main/DEBUG] [mixin/]: Mixing reach.compat1204minus.compat119plus.ServerPlayerInteractionManagerMixin from pehkui.mixins.json into net.minecraft.server.level.ServerPlayerGameMode
[23Jul2025 20:53:25.208] [main/DEBUG] [mixin/]: Mixing ServerPlayerGameModeMixin from jcraft.mixins.json into net.minecraft.server.level.ServerPlayerGameMode
[23Jul2025 20:53:25.212] [main/DEBUG] [mixin/]: Mixing perf.resourcepacks.ForgePathPackResourcesMixin from modernfix-forge.mixins.json into net.minecraftforge.resource.PathPackResources
[23Jul2025 20:53:25.212] [main/DEBUG] [mixin/]: Renaming synthetic method lambda$generateResourceCache$0(Lnet/minecraft/server/packs/PackType;)Ljava/nio/file/Path; to md66b7c5$lambda$generateResourceCache$0$0 in modernfix-forge.mixins.json:perf.resourcepacks.ForgePathPackResourcesMixin
[23Jul2025 20:53:25.281] [main/DEBUG] [net.minecraftforge.server.ServerLifecycleHooks/CORE]: Generating PackInfo named mod:terrablender for mod file /workspaces/shiny-telegram/servidor_minecraft/mods/TerraBlender-forge-1.20.1-3.0.1.10.jar
[23Jul2025 20:53:25.281] [main/DEBUG] [net.minecraftforge.server.ServerLifecycleHooks/CORE]: Generating PackInfo named mod:jade for mod file /workspaces/shiny-telegram/servidor_minecraft/mods/Jade-1.20.1-Forge-11.13.1.jar
[23Jul2025 20:53:25.282] [main/DEBUG] [net.minecraftforge.server.ServerLifecycleHooks/CORE]: Generating PackInfo named mod:whispering_spirits for mod file /workspaces/shiny-telegram/servidor_minecraft/mods/WhisperingSpirits-forge-1.20.1-v1.4.0.jar
[23Jul2025 20:53:25.282] [main/DEBUG] [net.minecraftforge.server.ServerLifecycleHooks/CORE]: Generating PackInfo named mod:geckolib for mod file /workspaces/shiny-telegram/servidor_minecraft/mods/geckolib-forge-1.20.1-4.7.3.jar
[23Jul2025 20:53:25.282] [main/DEBUG] [net.minecraftforge.server.ServerLifecycleHooks/CORE]: Generating PackInfo named mod:playeranimator for mod file /workspaces/shiny-telegram/servidor_minecraft/mods/player-animation-lib-forge-1.0.2-rc1+1.20.jar
[23Jul2025 20:53:25.282] [main/DEBUG] [net.minecraftforge.server.ServerLifecycleHooks/CORE]: Generating PackInfo named mod:spectrelib for mod file 
[23Jul2025 20:53:25.282] [main/DEBUG] [net.minecraftforge.server.ServerLifecycleHooks/CORE]: Generating PackInfo named mod:pehkui for mod file /workspaces/shiny-telegram/servidor_minecraft/mods/Pehkui-3.8.2+1.20.1-forge.jar
[23Jul2025 20:53:25.283] [main/DEBUG] [net.minecraftforge.server.ServerLifecycleHooks/CORE]: Generating PackInfo named mod:clumps for mod file /workspaces/shiny-telegram/servidor_minecraft/mods/Clumps-forge-1.20.1-12.0.0.4.jar
[23Jul2025 20:53:25.283] [main/DEBUG] [net.minecraftforge.server.ServerLifecycleHooks/CORE]: Generating PackInfo named mod:controlling for mod file /workspaces/shiny-telegram/servidor_minecraft/mods/Controlling-forge-1.20.1-12.0.2.jar
[23Jul2025 20:53:25.283] [main/DEBUG] [net.minecraftforge.server.ServerLifecycleHooks/CORE]: Generating PackInfo named mod:searchables for mod file /workspaces/shiny-telegram/servidor_minecraft/mods/Searchables-forge-1.20.1-1.0.3.jar
[23Jul2025 20:53:25.283] [main/DEBUG] [net.minecraftforge.server.ServerLifecycleHooks/CORE]: Generating PackInfo named mod:modernfix for mod file /workspaces/shiny-telegram/servidor_minecraft/mods/modernfix-forge-5.24.3+mc1.20.1.jar
[23Jul2025 20:53:25.284] [main/DEBUG] [net.minecraftforge.server.ServerLifecycleHooks/CORE]: Generating PackInfo named mod:mixinextras for mod file 
[23Jul2025 20:53:25.284] [main/DEBUG] [net.minecraftforge.server.ServerLifecycleHooks/CORE]: Generating PackInfo named mod:architectury for mod file /workspaces/shiny-telegram/servidor_minecraft/mods/architectury-9.2.14-forge.jar
[23Jul2025 20:53:25.284] [main/DEBUG] [net.minecraftforge.server.ServerLifecycleHooks/CORE]: Generating PackInfo named mod:ferritecore for mod file /workspaces/shiny-telegram/servidor_minecraft/mods/ferritecore-6.0.1-forge.jar
[23Jul2025 20:53:25.284] [main/DEBUG] [net.minecraftforge.server.ServerLifecycleHooks/CORE]: Generating PackInfo named mod:embeddium_extra for mod file /workspaces/shiny-telegram/servidor_minecraft/mods/rubidium-extra-0.5.4.4+mc1.20.1-build.131.jar
[23Jul2025 20:53:25.284] [main/DEBUG] [net.minecraftforge.server.ServerLifecycleHooks/CORE]: Generating PackInfo named mod:carryon for mod file /workspaces/shiny-telegram/servidor_minecraft/mods/carryon-forge-1.20.1-2.1.2.7.jar
[23Jul2025 20:53:25.284] [main/DEBUG] [net.minecraftforge.server.ServerLifecycleHooks/CORE]: Generating PackInfo named mod:azurelib for mod file /workspaces/shiny-telegram/servidor_minecraft/mods/azurelib-neo-1.20.1-3.0.9.jar
[23Jul2025 20:53:25.285] [main/DEBUG] [net.minecraftforge.server.ServerLifecycleHooks/CORE]: Generating PackInfo named mod:lodestone for mod file /workspaces/shiny-telegram/servidor_minecraft/mods/lodestone-1.20.1-1.6.4.1.jar
[23Jul2025 20:53:25.285] [main/DEBUG] [net.minecraftforge.server.ServerLifecycleHooks/CORE]: Generating PackInfo named mod:cloth_config for mod file /workspaces/shiny-telegram/servidor_minecraft/mods/cloth-config-11.1.136-forge.jar
[23Jul2025 20:53:25.285] [main/DEBUG] [net.minecraftforge.server.ServerLifecycleHooks/CORE]: Generating PackInfo named mod:forge for mod file /workspaces/shiny-telegram/servidor_minecraft/libraries/net/minecraftforge/forge/1.20.1-47.3.7/forge-1.20.1-47.3.7-universal.jar
[23Jul2025 20:53:25.285] [main/DEBUG] [net.minecraftforge.server.ServerLifecycleHooks/CORE]: Generating PackInfo named mod:betterdays for mod file /workspaces/shiny-telegram/servidor_minecraft/mods/betterdays-1.20.1-3.1.1.1-FORGE.jar
[23Jul2025 20:53:25.285] [main/DEBUG] [net.minecraftforge.server.ServerLifecycleHooks/CORE]: Generating PackInfo named mod:ash_of_sin_soul_like_boss_battle for mod file /workspaces/shiny-telegram/servidor_minecraft/mods/Ash Of Sin-Soul Like Boss Battle-1.20.1-1.0.2.jar
[23Jul2025 20:53:25.286] [main/DEBUG] [net.minecraftforge.server.ServerLifecycleHooks/CORE]: Generating PackInfo named mod:embeddium for mod file /workspaces/shiny-telegram/servidor_minecraft/mods/embeddium-0.3.31+mc1.20.1.jar
[23Jul2025 20:53:25.286] [main/DEBUG] [net.minecraftforge.server.ServerLifecycleHooks/CORE]: Generating PackInfo named mod:jcraft for mod file /workspaces/shiny-telegram/servidor_minecraft/mods/jcraft-forge-0.17.2.jar
[23Jul2025 20:53:25.286] [main/DEBUG] [net.minecraftforge.server.ServerLifecycleHooks/CORE]: Generating PackInfo named mod:trimmed for mod file 
[23Jul2025 20:53:25.294] [main/DEBUG] [mixin/]: Mixing FallbackResourceManagerMixin from jcraft.mixins.json into net.minecraft.server.packs.resources.FallbackResourceManager
[23Jul2025 20:53:25.295] [main/DEBUG] [mixin/]: Renaming synthetic method lambda$createDirectResource$0(Ljava/nio/file/Path;)Ljava/io/InputStream; to md66b7c5$lambda$createDirectResource$0$0 in jcraft.mixins.json:FallbackResourceManagerMixin
[23Jul2025 20:53:25.326] [main/DEBUG] [ModernFix/]: Generated cache for /assets in 10.03 ms
[23Jul2025 20:53:25.326] [main/DEBUG] [ModernFix/]: Generated cache for /assets in 497.9 μs
[23Jul2025 20:53:25.348] [main/DEBUG] [ModernFix/]: Generated cache for /assets in 21.44 ms
[23Jul2025 20:53:25.349] [Forge Version Check/DEBUG] [net.minecraftforge.fml.VersionChecker/]: [embeddium_extra] Received version check data:
{"homepage":"https://modrinth.com/mod/rubidium-extra","promos":{"1.19.3-latest":"0.4.17+mc1.19.3-build.73","1.19.1-latest":"1.19.2-0.4.11.44","1.19.4-recommended":"0.4.19+mc1.19.4-build.88","1.20.1-latest":"0.5.4.4+mc1.20.1-build.131","1.16.1-recommended":"0.4.18+mc1.16.5-build.107","1.20-latest":"0.5.3.1+mc1.20.1-build.110","1.18.2-latest":"0.4.18+mc1.18.2-build.86","1.16.5-recommended":"0.4.18+mc1.16.5-build.107","1.20-recommended":"0.5.3.1+mc1.20.1-build.110","1.16-recommended":"0.4.18+mc1.16.5-build.107","1.16.4-recommended":"0.4.18+mc1.16.5-build.107","1.16.3-latest":"0.4.18+mc1.16.5-build.107","1.16-latest":"0.4.18+mc1.16.5-build.107","1.19.2-recommended":"0.4.19+mc1.19.2-build.105","1.19-recommended":"1.19.2-0.4.11.44","1.19.1-recommended":"1.19.2-0.4.11.44","1.16.3-recommended":"0.4.18+mc1.16.5-build.107","1.18.2-recommended":"0.4.18+mc1.18.2-build.86","1.16.2-latest":"0.4.18+mc1.16.5-build.107","1.19-latest":"1.19.2-0.4.11.44","1.20.1-recommended":"0.5.4.4+mc1.20.1-build.131","1.16.1-latest":"0.4.18+mc1.16.5-build.107","1.16.4-latest":"0.4.18+mc1.16.5-build.107","1.16.2-recommended":"0.4.18+mc1.16.5-build.107","1.16.5-latest":"0.4.18+mc1.16.5-build.107","1.19.2-latest":"0.4.19+mc1.19.2-build.105","1.19.4-latest":"0.4.19+mc1.19.4-build.88","1.19.3-recommended":"0.4.17+mc1.19.3-build.73"}}
[23Jul2025 20:53:25.349] [main/DEBUG] [ModernFix/]: Generated cache for /assets in 904.5 μs
[23Jul2025 20:53:25.350] [Forge Version Check/INFO] [net.minecraftforge.fml.VersionChecker/]: [embeddium_extra] Found status: UP_TO_DATE Current: 0.5.4.4+mc1.20.1-build.131 Target: null
[23Jul2025 20:53:25.350] [Forge Version Check/INFO] [net.minecraftforge.fml.VersionChecker/]: [forge] Starting version check at https://files.minecraftforge.net/net/minecraftforge/forge/promotions_slim.json
[23Jul2025 20:53:25.352] [main/DEBUG] [ModernFix/]: Generated cache for /assets in 126.3 μs
[23Jul2025 20:53:25.352] [main/DEBUG] [ModernFix/]: Generated cache for /assets in 265.7 μs
[23Jul2025 20:53:25.353] [main/DEBUG] [ModernFix/]: Generated cache for /assets in 311.6 μs
[23Jul2025 20:53:25.353] [main/DEBUG] [ModernFix/]: Generated cache for /assets in 328.0 μs
[23Jul2025 20:53:25.354] [main/DEBUG] [ModernFix/]: Generated cache for /assets in 402.7 μs
[23Jul2025 20:53:25.355] [main/DEBUG] [ModernFix/]: Generated cache for /assets in 1.193 ms
[23Jul2025 20:53:25.355] [main/DEBUG] [ModernFix/]: Generated cache for /assets in 81.70 μs
[23Jul2025 20:53:25.356] [main/DEBUG] [ModernFix/]: Generated cache for /assets in 358.3 μs
[23Jul2025 20:53:25.356] [main/DEBUG] [ModernFix/]: Generated cache for /assets in 228.8 μs
[23Jul2025 20:53:25.357] [main/DEBUG] [ModernFix/]: Generated cache for /assets in 97.29 μs
[23Jul2025 20:53:25.358] [main/DEBUG] [ModernFix/]: Generated cache for /assets in 1.039 ms
[23Jul2025 20:53:25.359] [main/DEBUG] [ModernFix/]: Generated cache for /assets in 160.8 μs
[23Jul2025 20:53:25.359] [main/DEBUG] [ModernFix/]: Generated cache for /assets in 429.4 μs
[23Jul2025 20:53:25.359] [main/DEBUG] [ModernFix/]: Generated cache for /assets in 253.4 μs
[23Jul2025 20:53:25.360] [main/DEBUG] [ModernFix/]: Generated cache for /assets in 108.5 μs
[23Jul2025 20:53:25.501] [Forge Version Check/DEBUG] [net.minecraftforge.fml.VersionChecker/]: [forge] Received version check data:
{
  "homepage": "https://files.minecraftforge.net/net/minecraftforge/forge/",
  "promos": {
    "1.1-latest": "1.3.4.29",
    "1.2.3-latest": "1.4.1.64",
    "1.2.4-latest": "2.0.0.68",
    "1.2.5-latest": "3.4.9.171",
    "1.3.2-latest": "4.3.5.318",
    "1.4.0-latest": "5.0.0.326",
    "1.4.1-latest": "6.0.0.329",
    "1.4.2-latest": "6.0.1.355",
    "1.4.3-latest": "6.2.1.358",
    "1.4.4-latest": "6.3.0.378",
    "1.4.5-latest": "6.4.2.448",
    "1.4.6-latest": "6.5.0.489",
    "1.4.7-latest": "6.6.2.534",
    "1.5-latest": "7.7.0.598",
    "1.5.1-latest": "7.7.2.682",
    "1.5.2-latest": "7.8.1.738",
    "1.5.2-recommended": "7.8.1.738",
    "1.6.1-latest": "8.9.0.775",
    "1.6.2-latest": "9.10.1.871",
    "1.6.2-recommended": "9.10.1.871",
    "1.6.3-latest": "9.11.0.878",
    "1.6.4-latest": "9.11.1.1345",
    "1.6.4-recommended": "9.11.1.1345",
    "1.7.2-latest": "10.12.2.1161",
    "1.7.2-recommended": "10.12.2.1161",
    "1.7.10_pre4-latest": "10.12.2.1149",
    "1.7.10-latest": "10.13.4.1614",
    "1.7.10-recommended": "10.13.4.1614",
    "1.8-latest": "11.14.4.1577",
    "1.8-recommended": "11.14.4.1563",
    "1.8.8-latest": "11.15.0.1655",
    "1.8.9-latest": "11.15.1.2318",
    "1.8.9-recommended": "11.15.1.2318",
    "1.9-latest": "12.16.1.1938",
    "1.9-recommended": "12.16.1.1887",
    "1.9.4-latest": "12.17.0.2317",
    "1.9.4-recommended": "12.17.0.2317",
    "1.10-latest": "12.18.0.2000",
    "1.10.2-latest": "12.18.3.2511",
    "1.10.2-recommended": "12.18.3.2511",
    "1.11-latest": "13.19.1.2199",
    "1.11-recommended": "13.19.1.2189",
    "1.11.2-latest": "13.20.1.2588",
    "1.11.2-recommended": "13.20.1.2588",
    "1.12-latest": "14.21.1.2443",
    "1.12-recommended": "14.21.1.2387",
    "1.12.1-latest": "14.22.1.2485",
    "1.12.1-recommended": "14.22.1.2478",
    "1.12.2-latest": "14.23.5.2860",
    "1.12.2-recommended": "14.23.5.2859",
    "1.13.2-latest": "25.0.223",
    "1.14.2-latest": "26.0.63",
    "1.14.3-latest": "27.0.60",
    "1.14.4-latest": "28.2.26",
    "1.14.4-recommended": "28.2.26",
    "1.15-latest": "29.0.4",
    "1.15.1-latest": "30.0.51",
    "1.15.2-latest": "31.2.57",
    "1.15.2-recommended": "31.2.57",
    "1.16.1-latest": "32.0.108",
    "1.16.2-latest": "33.0.61",
    "1.16.3-latest": "34.1.42",
    "1.16.3-recommended": "34.1.0",
    "1.16.4-latest": "35.1.37",
    "1.16.4-recommended": "35.1.4",
    "1.16.5-latest": "36.2.42",
    "1.16.5-recommended": "36.2.34",
    "1.17.1-latest": "37.1.1",
    "1.17.1-recommended": "37.1.1",
    "1.18-latest": "38.0.17",
    "1.18.1-latest": "39.1.2",
    "1.18.1-recommended": "39.1.0",
    "1.18.2-recommended": "40.3.0",
    "1.18.2-latest": "40.3.11",
    "1.19-latest": "41.1.0",
    "1.19-recommended": "41.1.0",
    "1.19.1-latest": "42.0.9",
    "1.19.2-recommended": "43.5.0",
    "1.19.2-latest": "43.5.1",
    "1.19.3-latest": "44.1.23",
    "1.19.3-recommended": "44.1.0",
    "1.19.4-recommended": "45.4.0",
    "1.19.4-latest": "45.4.1",
    "1.20-latest": "46.0.14",
    "1.20.1-recommended": "47.4.0",
    "1.20.1-latest": "47.4.4",
    "1.20.2-latest": "48.1.0",
    "1.20.2-recommended": "48.1.0",
    "1.20.3-latest": "49.0.2",
    "1.20.4-latest": "49.2.0",
    "1.20.4-recommended": "49.2.0",
    "1.20.6-latest": "50.2.0",
    "1.20.6-recommended": "50.2.0",
    "1.21-latest": "51.0.33",
    "1.21.1-latest": "52.1.1",
    "1.21.1-recommended": "52.1.0",
    "1.21.3-latest": "53.1.1",
    "1.21.3-recommended": "53.1.0",
    "1.21.4-latest": "54.1.3",
    "1.21.4-recommended": "54.1.0",
    "1.21.5-latest": "55.0.23",
    "1.21.6-latest": "56.0.9",
    "1.21.7-latest": "57.0.3",
    "1.21.8-latest": "58.0.1"
  }
}
[23Jul2025 20:53:25.501] [Forge Version Check/INFO] [net.minecraftforge.fml.VersionChecker/]: [forge] Found status: OUTDATED Current: 47.3.7 Target: 47.4.0
[23Jul2025 20:53:25.501] [Forge Version Check/INFO] [net.minecraftforge.fml.VersionChecker/]: [betterdays] Starting version check at https://raw.githubusercontent.com/wendall911/BetterDays/1.20.1/files/updates.json
[23Jul2025 20:53:25.541] [Forge Version Check/DEBUG] [net.minecraftforge.fml.VersionChecker/]: [betterdays] Received version check data:
{
  "homepage": "https://www.curseforge.com/minecraft/mc-mods/betterdays",
  "promos": {
    "1.20.1-latest": "1.20.1-3.1.1.1-FORGE",
    "1.20.1-recommended": "1.20.1-3.1.1.1-FORGE"
  }
}
[23Jul2025 20:53:25.542] [Forge Version Check/INFO] [net.minecraftforge.fml.VersionChecker/]: [betterdays] Found status: UP_TO_DATE Current: 1.20.1-3.1.1.1-FORGE Target: null
[23Jul2025 20:53:25.953] [main/DEBUG] [mixin/]: Mixing bugfix.registry_ops_cme.RegistryOpsMemoizedMixin from modernfix-common.mixins.json into net.minecraft.resources.RegistryOps$1
[23Jul2025 20:53:25.973] [main/DEBUG] [mixin/]: Mixing MixinPrimaryLevelData from terrablender.mixins.json into net.minecraft.world.level.storage.PrimaryLevelData
[23Jul2025 20:53:25.990] [main/DEBUG] [mixin/]: Mixing MixinLootDataManager from architectury.mixins.json into net.minecraft.world.level.storage.loot.LootDataManager
[23Jul2025 20:53:26.025] [main/DEBUG] [mixin/]: Mixing DataCommandInvoker$Get from pehkui.mixins.json into net.minecraft.server.commands.data.DataCommands
[23Jul2025 20:53:26.025] [main/DEBUG] [mixin/]: Renaming @Invoker method callExecuteGet(Lnet/minecraft/commands/CommandSourceStack;Lnet/minecraft/server/commands/data/DataAccessor;)I to callExecuteGet_$md$66b7c5$0 in pehkui.mixins.json:DataCommandInvoker$Get
[23Jul2025 20:53:26.026] [main/DEBUG] [mixin/]: Mixing DataCommandInvoker$Path from pehkui.mixins.json into net.minecraft.server.commands.data.DataCommands
[23Jul2025 20:53:26.026] [main/DEBUG] [mixin/]: Renaming @Invoker method callExecuteGet(Lnet/minecraft/commands/CommandSourceStack;Lnet/minecraft/server/commands/data/DataAccessor;Lnet/minecraft/commands/arguments/NbtPathArgument$NbtPath;)I to callExecuteGet_$md$66b7c5$1 in pehkui.mixins.json:DataCommandInvoker$Path
[23Jul2025 20:53:26.026] [main/DEBUG] [mixin/]: Mixing DataCommandInvoker$Scaled from pehkui.mixins.json into net.minecraft.server.commands.data.DataCommands
[23Jul2025 20:53:26.026] [main/DEBUG] [mixin/]: Renaming @Invoker method callExecuteGet(Lnet/minecraft/commands/CommandSourceStack;Lnet/minecraft/server/commands/data/DataAccessor;Lnet/minecraft/commands/arguments/NbtPathArgument$NbtPath;D)I to callExecuteGet_$md$66b7c5$2 in pehkui.mixins.json:DataCommandInvoker$Scaled
[23Jul2025 20:53:26.180] [main/DEBUG] [net.minecraftforge.coremod.transformer.CoreModBaseTransformer/COREMOD]: Transforming net/minecraft/server/commands/SummonCommand
[23Jul2025 20:53:26.292] [main/DEBUG] [mixin/]: Mixing perf.potential_spawns_alloc.ForgeEventFactoryMixin from modernfix-forge.mixins.json into net.minecraftforge.event.ForgeEventFactory
[23Jul2025 20:53:26.319] [main/DEBUG] [mixin/]: Mixing perf.potential_spawns_alloc.PotentialSpawnsMixin from modernfix-forge.mixins.json into net.minecraftforge.event.level.LevelEvent$PotentialSpawns
[23Jul2025 20:53:26.362] [main/DEBUG] [mixin/]: Mixing perf.datapack_reload_exceptions.RecipeManagerMixin from modernfix-forge.mixins.json into net.minecraft.world.item.crafting.RecipeManager
[23Jul2025 20:53:26.369] [main/DEBUG] [mixin/]: Mixing feature.measure_time.AddReloadListenerEventWrapperMixin from modernfix-forge.mixins.json into net.minecraftforge.event.AddReloadListenerEvent$WrappedStateAwareListener
[23Jul2025 20:53:26.371] [main/DEBUG] [mixin/]: Mixing feature.measure_time.SimpleReloadInstanceMixin from modernfix-common.mixins.json into net.minecraft.server.packs.resources.SimpleReloadInstance
[23Jul2025 20:53:26.387] [Worker-Main-2/DEBUG] [mixin/]: Mixing perf.tag_id_caching.TagEntryMixin from modernfix-forge.mixins.json into net.minecraft.tags.TagEntry
[23Jul2025 20:53:26.388] [Worker-Main-2/DEBUG] [mixin/]: Mixing TagEntryAccessor from trimmed.mixins.json into net.minecraft.tags.TagEntry
[23Jul2025 20:53:26.586] [Worker-Main-3/DEBUG] [mixin/]: Mixing NbtPredicateMixin from pehkui.mixins.json into net.minecraft.advancements.critereon.NbtPredicate
[23Jul2025 20:53:26.613] [Worker-Main-1/DEBUG] [net.minecraftforge.coremod.transformer.CoreModBaseTransformer/COREMOD]: Transforming net/minecraft/world/entity/raid/Raid
[23Jul2025 20:53:26.861] [main/INFO] [net.minecraft.world.item.crafting.RecipeManager/]: Loaded 7 recipes
[23Jul2025 20:53:26.950] [main/INFO] [net.minecraft.advancements.AdvancementList/]: Loaded 1413 advancements
[23Jul2025 20:53:26.994] [main/WARN] [ModernFix/]: Initial datapack load took 1.790 s
[23Jul2025 20:53:27.007] [main/DEBUG] [net.minecraftforge.common.ForgeHooks/WP]: Gathering id map for writing to world save world
[23Jul2025 20:53:27.021] [main/DEBUG] [net.minecraftforge.common.ForgeHooks/WP]: ID Map collection complete world
[23Jul2025 20:53:27.051] [main/DEBUG] [mixin/]: Mixing feature.mcfunction_profiling.ServerFunctionManagerMixin from modernfix-common.mixins.json into net.minecraft.server.ServerFunctionManager
[23Jul2025 20:53:27.052] [main/DEBUG] [mixin/]: Renaming synthetic method lambda$mfix$getProfilingResults$2(Ljava/util/Map$Entry;)Ljava/time/Duration; to md66b7c5$lambda$mfix$getProfilingResults$2$0 in modernfix-common.mixins.json:feature.mcfunction_profiling.ServerFunctionManagerMixin
[23Jul2025 20:53:27.052] [main/DEBUG] [mixin/]: Renaming synthetic method lambda$pruneUnusedWatches$1(Lcom/google/common/base/Stopwatch;)Z to md66b7c5$lambda$pruneUnusedWatches$1$1 in modernfix-common.mixins.json:feature.mcfunction_profiling.ServerFunctionManagerMixin
[23Jul2025 20:53:27.052] [main/DEBUG] [mixin/]: Renaming synthetic method lambda$startWatch$0(Lnet/minecraft/resources/ResourceLocation;)Lcom/google/common/base/Stopwatch; to md66b7c5$lambda$startWatch$0$2 in modernfix-common.mixins.json:feature.mcfunction_profiling.ServerFunctionManagerMixin
[23Jul2025 20:53:27.063] [Server thread/INFO] [net.minecraft.server.dedicated.DedicatedServer/]: Starting minecraft server version 1.20.1
[23Jul2025 20:53:27.063] [Server thread/INFO] [net.minecraft.server.dedicated.DedicatedServer/]: Loading properties
[23Jul2025 20:53:27.064] [Server thread/INFO] [net.minecraft.server.dedicated.DedicatedServer/]: Default game type: SURVIVAL
[23Jul2025 20:53:27.064] [Server thread/INFO] [net.minecraft.server.MinecraftServer/]: Generating keypair
[23Jul2025 20:53:27.258] [Server thread/INFO] [net.minecraft.server.dedicated.DedicatedServer/]: Starting Minecraft server on *:25565
[23Jul2025 20:53:27.258] [Server thread/DEBUG] [net.minecraftforge.network.DualStackUtils/]: Detected IPv6 address: "0:0:0:0:0:0:0:0"
[23Jul2025 20:53:27.265] [Server thread/DEBUG] [io.netty.util.internal.NativeLibraryLoader/]: -Dio.netty.native.workdir: /tmp (io.netty.tmpdir)
[23Jul2025 20:53:27.265] [Server thread/DEBUG] [io.netty.util.internal.NativeLibraryLoader/]: -Dio.netty.native.deleteLibAfterLoading: true
[23Jul2025 20:53:27.265] [Server thread/DEBUG] [io.netty.util.internal.NativeLibraryLoader/]: -Dio.netty.native.tryPatchShadedId: true
[23Jul2025 20:53:27.265] [Server thread/DEBUG] [io.netty.util.internal.NativeLibraryLoader/]: -Dio.netty.native.detectNativeLibraryDuplicates: true
[23Jul2025 20:53:27.272] [Server thread/DEBUG] [io.netty.util.internal.NativeLibraryLoader/]: Successfully loaded the library /tmp/libnetty_transport_native_epoll_x86_6411127136555798079754.so
[23Jul2025 20:53:27.274] [Server thread/DEBUG] [io.netty.util.NetUtil/]: -Djava.net.preferIPv4Stack: false
[23Jul2025 20:53:27.274] [Server thread/DEBUG] [io.netty.util.NetUtil/]: -Djava.net.preferIPv6Addresses: true
[23Jul2025 20:53:27.276] [Server thread/DEBUG] [io.netty.util.NetUtilInitializations/]: Loopback interface: lo (lo, 0:0:0:0:0:0:0:1%lo)
[23Jul2025 20:53:27.276] [Server thread/DEBUG] [io.netty.util.NetUtil/]: /proc/sys/net/core/somaxconn: 4096
[23Jul2025 20:53:27.280] [Server thread/INFO] [net.minecraft.server.network.ServerConnectionListener/]: Using epoll channel type
[23Jul2025 20:53:27.291] [Server thread/DEBUG] [mixin/]: Mixing perf.smart_ingredient_sync.ConnectionMixin from modernfix-forge.mixins.json into net.minecraft.network.Connection
[23Jul2025 20:53:27.299] [Server thread/DEBUG] [io.netty.channel.MultithreadEventLoopGroup/]: -Dio.netty.eventLoopThreads: 8
[23Jul2025 20:53:27.308] [Server thread/DEBUG] [io.netty.util.internal.InternalThreadLocalMap/]: -Dio.netty.threadLocalMap.stringBuilder.initialSize: 1024
[23Jul2025 20:53:27.308] [Server thread/DEBUG] [io.netty.util.internal.InternalThreadLocalMap/]: -Dio.netty.threadLocalMap.stringBuilder.maxSize: 4096
[23Jul2025 20:53:27.316] [Server thread/DEBUG] [io.netty.util.internal.PlatformDependent/]: org.jctools-core.MpscChunkedArrayQueue: available
[23Jul2025 20:53:27.323] [Server thread/DEBUG] [io.netty.channel.DefaultChannelId/]: -Dio.netty.processId: 4211 (auto-detected)
[23Jul2025 20:53:27.324] [Server thread/DEBUG] [io.netty.channel.DefaultChannelId/]: -Dio.netty.machineId: 7c:1e:52:ff:fe:f2:c3:a9 (auto-detected)
[23Jul2025 20:53:27.344] [Server thread/DEBUG] [io.netty.buffer.PooledByteBufAllocator/]: -Dio.netty.allocator.numHeapArenas: 8
[23Jul2025 20:53:27.344] [Server thread/DEBUG] [io.netty.buffer.PooledByteBufAllocator/]: -Dio.netty.allocator.numDirectArenas: 8
[23Jul2025 20:53:27.344] [Server thread/DEBUG] [io.netty.buffer.PooledByteBufAllocator/]: -Dio.netty.allocator.pageSize: 8192
[23Jul2025 20:53:27.344] [Server thread/DEBUG] [io.netty.buffer.PooledByteBufAllocator/]: -Dio.netty.allocator.maxOrder: 9
[23Jul2025 20:53:27.344] [Server thread/DEBUG] [io.netty.buffer.PooledByteBufAllocator/]: -Dio.netty.allocator.chunkSize: 4194304
[23Jul2025 20:53:27.344] [Server thread/DEBUG] [io.netty.buffer.PooledByteBufAllocator/]: -Dio.netty.allocator.smallCacheSize: 256
[23Jul2025 20:53:27.344] [Server thread/DEBUG] [io.netty.buffer.PooledByteBufAllocator/]: -Dio.netty.allocator.normalCacheSize: 64
[23Jul2025 20:53:27.344] [Server thread/DEBUG] [io.netty.buffer.PooledByteBufAllocator/]: -Dio.netty.allocator.maxCachedBufferCapacity: 32768
[23Jul2025 20:53:27.344] [Server thread/DEBUG] [io.netty.buffer.PooledByteBufAllocator/]: -Dio.netty.allocator.cacheTrimInterval: 8192
[23Jul2025 20:53:27.344] [Server thread/DEBUG] [io.netty.buffer.PooledByteBufAllocator/]: -Dio.netty.allocator.cacheTrimIntervalMillis: 0
[23Jul2025 20:53:27.344] [Server thread/DEBUG] [io.netty.buffer.PooledByteBufAllocator/]: -Dio.netty.allocator.useCacheForAllThreads: false
[23Jul2025 20:53:27.344] [Server thread/DEBUG] [io.netty.buffer.PooledByteBufAllocator/]: -Dio.netty.allocator.maxCachedByteBuffersPerChunk: 1023
[23Jul2025 20:53:27.352] [Server thread/DEBUG] [io.netty.buffer.ByteBufUtil/]: -Dio.netty.allocator.type: pooled
[23Jul2025 20:53:27.352] [Server thread/DEBUG] [io.netty.buffer.ByteBufUtil/]: -Dio.netty.threadLocalDirectBufferSize: 0
[23Jul2025 20:53:27.352] [Server thread/DEBUG] [io.netty.buffer.ByteBufUtil/]: -Dio.netty.maxThreadLocalCharBufferSize: 16384
[23Jul2025 20:53:27.358] [Server thread/WARN] [net.minecraft.server.dedicated.DedicatedServer/]: **** SERVER IS RUNNING IN OFFLINE/INSECURE MODE!
[23Jul2025 20:53:27.359] [Server thread/WARN] [net.minecraft.server.dedicated.DedicatedServer/]: The server will make no attempt to authenticate usernames. Beware.
[23Jul2025 20:53:27.359] [Server thread/WARN] [net.minecraft.server.dedicated.DedicatedServer/]: While this makes the game possible to play without internet access, it also opens up the ability for hackers to connect with any username they choose.
[23Jul2025 20:53:27.359] [Server thread/WARN] [net.minecraft.server.dedicated.DedicatedServer/]: To change this, set "online-mode" to "true" in the server.properties file.
[23Jul2025 20:53:27.371] [Server thread/DEBUG] [net.minecraftforge.fml.config.ConfigTracker/CONFIG]: Loading configs type SERVER
[23Jul2025 20:53:27.371] [Server thread/DEBUG] [net.minecraftforge.fml.config.ConfigFileTypeHandler/CONFIG]: Built TOML config for ./world/serverconfig/pehkui-server.toml
[23Jul2025 20:53:27.373] [Server thread/DEBUG] [net.minecraftforge.fml.config.ConfigFileTypeHandler/CONFIG]: Loaded TOML config file ./world/serverconfig/pehkui-server.toml
[23Jul2025 20:53:27.374] [Server thread/DEBUG] [net.minecraftforge.fml.config.ConfigFileTypeHandler/CONFIG]: Watching TOML config file ./world/serverconfig/pehkui-server.toml for changes
[23Jul2025 20:53:27.376] [Server thread/DEBUG] [net.minecraftforge.fml.config.ConfigFileTypeHandler/CONFIG]: Built TOML config for ./world/serverconfig/forge-server.toml
[23Jul2025 20:53:27.376] [Server thread/DEBUG] [net.minecraftforge.fml.config.ConfigFileTypeHandler/CONFIG]: Loaded TOML config file ./world/serverconfig/forge-server.toml
[23Jul2025 20:53:27.376] [Server thread/DEBUG] [net.minecraftforge.fml.config.ConfigFileTypeHandler/CONFIG]: Watching TOML config file ./world/serverconfig/forge-server.toml for changes
[23Jul2025 20:53:27.377] [Server thread/DEBUG] [net.minecraftforge.common.ForgeConfig/FORGEMOD]: Loaded forge config file forge-server.toml
[23Jul2025 20:53:27.398] [Server thread/DEBUG] [SpectreLib/CONFIG]: Loading server configs from ./world/serverconfig on server
[23Jul2025 20:53:27.398] [Server thread/DEBUG] [SpectreLib/CONFIG]: Built TOML config for /workspaces/shiny-telegram/servidor_minecraft/config/betterdays-common.toml
[23Jul2025 20:53:27.399] [Server thread/DEBUG] [SpectreLib/CONFIG]: Loaded TOML config file /workspaces/shiny-telegram/servidor_minecraft/config/betterdays-common.toml
[23Jul2025 20:53:27.418] [Server thread/INFO] [terrablender/]: Registered region minecraft:overworld to index 0 for type OVERWORLD
[23Jul2025 20:53:27.419] [Server thread/INFO] [terrablender/]: Registered region minecraft:nether to index 0 for type NETHER
[23Jul2025 20:53:27.424] [Server thread/INFO] [terrablender/]: Initialized TerraBlender biomes for level stem minecraft:the_nether
[23Jul2025 20:53:27.493] [Server thread/INFO] [terrablender/]: Initialized TerraBlender biomes for level stem minecraft:overworld
[23Jul2025 20:53:27.493] [Server thread/INFO] [net.minecraft.server.dedicated.DedicatedServer/]: Preparing level "world"
[23Jul2025 20:53:27.494] [Server thread/DEBUG] [mixin/]: Mixing feature.branding.BrandingControlMixin from modernfix-forge.mixins.json into net.minecraftforge.internal.BrandingControl
[23Jul2025 20:53:27.503] [Server thread/DEBUG] [net.minecraftforge.coremod.transformer.CoreModBaseTransformer/COREMOD]: Transforming net/minecraft/world/level/levelgen/PhantomSpawner
[23Jul2025 20:53:27.511] [Server thread/DEBUG] [net.minecraftforge.coremod.transformer.CoreModBaseTransformer/COREMOD]: Transforming net/minecraft/world/level/levelgen/PatrolSpawner
[23Jul2025 20:53:27.518] [Server thread/DEBUG] [net.minecraftforge.coremod.transformer.CoreModBaseTransformer/COREMOD]: Transforming net/minecraft/world/entity/npc/CatSpawner
[23Jul2025 20:53:27.525] [Server thread/DEBUG] [net.minecraftforge.coremod.transformer.CoreModBaseTransformer/COREMOD]: Transforming net/minecraft/world/entity/ai/village/VillageSiege
[23Jul2025 20:53:27.539] [Server thread/DEBUG] [mixin/]: Mixing compat1201minus.compat117plus.ServerChunkManagerMixin from pehkui.mixins.json into net.minecraft.server.level.ServerChunkCache
[23Jul2025 20:53:27.540] [Server thread/DEBUG] [mixin/]: Mixing bugfix.chunk_deadlock.ServerChunkCache_CurrentLoadingMixin from modernfix-forge.mixins.json into net.minecraft.server.level.ServerChunkCache
[23Jul2025 20:53:27.571] [Server thread/DEBUG] [mixin/]: Mixing PersistentEntitySectionManagerMixin from jcraft.mixins.json into net.minecraft.world.level.entity.PersistentEntitySectionManager
[23Jul2025 20:53:27.581] [Server thread/DEBUG] [mixin/]: Mixing perf.ticking_chunk_alloc.ChunkHolderMixin from modernfix-common.mixins.json into net.minecraft.server.level.ChunkHolder
[23Jul2025 20:53:27.581] [Server thread/DEBUG] [mixin/]: Mixing compat1201minus.compat116plus.ChunkHolderAccessor from pehkui.mixins.json into net.minecraft.server.level.ChunkHolder
[23Jul2025 20:53:27.588] [Server thread/DEBUG] [mixin/]: Mixing compat1201minus.compat116plus.ThreadedAnvilChunkStorageMixin from pehkui.mixins.json into net.minecraft.server.level.ChunkMap
[23Jul2025 20:53:27.588] [Server thread/DEBUG] [mixin/]: Mixing bugfix.paper_chunk_patches.ChunkMapMixin from modernfix-common.mixins.json into net.minecraft.server.level.ChunkMap
[23Jul2025 20:53:27.589] [Server thread/DEBUG] [mixin/]: Renaming synthetic method lambda$useLegacySchedulingLogic$1(Lnet/minecraft/world/level/chunk/ChunkStatus;Lnet/minecraft/world/level/ChunkPos;Lnet/minecraft/server/level/ChunkHolder;Lcom/mojang/datafixers/util/Either;)Ljava/util/concurrent/CompletionStage; to md66b7c5$lambda$useLegacySchedulingLogic$1$0 in modernfix-common.mixins.json:bugfix.paper_chunk_patches.ChunkMapMixin
[23Jul2025 20:53:27.589] [Server thread/DEBUG] [mixin/]: Renaming synthetic method lambda$useLegacySchedulingLogic$0(Lnet/minecraft/server/level/ChunkHolder;Lnet/minecraft/world/level/chunk/ChunkAccess;)Ljava/util/concurrent/CompletableFuture; to md66b7c5$lambda$useLegacySchedulingLogic$0$1 in modernfix-common.mixins.json:bugfix.paper_chunk_patches.ChunkMapMixin
[23Jul2025 20:53:27.591] [Server thread/DEBUG] [mixin/]: Mixing bugfix.chunk_deadlock.ChunkMapLoadMixin from modernfix-forge.mixins.json into net.minecraft.server.level.ChunkMap
[23Jul2025 20:53:27.806] [Server thread/DEBUG] [mixin/]: Mixing perf.cache_strongholds.ChunkGeneratorMixin from modernfix-common.mixins.json into net.minecraft.world.level.chunk.ChunkGeneratorStructureState
[23Jul2025 20:53:27.806] [Server thread/DEBUG] [mixin/]: Renaming synthetic method lambda$saveCachedData$0(Ljava/util/List;)Ljava/util/List; to md66b7c5$lambda$saveCachedData$0$0 in modernfix-common.mixins.json:perf.cache_strongholds.ChunkGeneratorMixin
[23Jul2025 20:53:27.820] [Server thread/DEBUG] [mixin/]: Mixing ChunkLightProviderAccessor from jcraft.mixins.json into net.minecraft.world.level.lighting.LightEngine
[23Jul2025 20:53:27.824] [Server thread/DEBUG] [mixin/]: Mixing LightStorageAccessor from jcraft.mixins.json into net.minecraft.world.level.lighting.LayerLightSectionStorage
[23Jul2025 20:53:27.854] [Server thread/DEBUG] [mixin/]: Mixing perf.faster_structure_location.StructureCheckMixin from modernfix-common.mixins.json into net.minecraft.world.level.levelgen.structure.StructureCheck
[23Jul2025 20:53:27.856] [Server thread/DEBUG] [net.minecraftforge.coremod.transformer.CoreModBaseTransformer/COREMOD]: Transforming net/minecraft/world/level/levelgen/structure/Structure
[23Jul2025 20:53:27.876] [Server thread/DEBUG] [ModernFix/]: Loaded stronghold cache for dimension minecraft:overworld with 128 positions
[23Jul2025 20:53:27.913] [Server thread/INFO] [net.minecraft.server.MinecraftServer/]: Preparing start region for dimension minecraft:overworld
[23Jul2025 20:53:27.915] [Server thread/DEBUG] [mixin/]: Mixing bugfix.paper_chunk_patches.SortedArraySetMixin from modernfix-common.mixins.json into net.minecraft.util.SortedArraySet
[23Jul2025 20:53:28.065] [Server thread/DEBUG] [mixin/]: Mixing MixinChunkSerializer from architectury.mixins.json into net.minecraft.world.level.chunk.storage.ChunkSerializer
[23Jul2025 20:53:28.079] [Server thread/DEBUG] [mixin/]: Mixing perf.compact_bit_storage.PalettedContainerMixin from modernfix-common.mixins.json into net.minecraft.world.level.chunk.PalettedContainer
[23Jul2025 20:53:28.266] [Thread-0/INFO] [ModernFix/]: Please use /mfsrc to reload any changed mod config files
[23Jul2025 20:53:28.642] [Server thread/INFO] [net.minecraft.server.level.progress.LoggerChunkProgressListener/]: Preparing spawn area: 0%
[23Jul2025 20:53:28.643] [Server thread/INFO] [net.minecraft.server.level.progress.LoggerChunkProgressListener/]: Preparing spawn area: 0%
[23Jul2025 20:53:28.918] [Server thread/INFO] [net.minecraft.server.level.progress.LoggerChunkProgressListener/]: Preparing spawn area: 0%
[23Jul2025 20:53:28.996] [Server thread/DEBUG] [mixin/]: Mixing perf.cache_blockstate_cache_arrays.AbstractBlockStateCacheMixin from modernfix-common.mixins.json into net.minecraft.world.level.block.state.BlockBehaviour$BlockStateBase$Cache
[23Jul2025 20:53:28.997] [Server thread/DEBUG] [mixin/]: Mixing BlockStateCacheMixin from ferritecore.blockstatecache.mixin.json into net.minecraft.world.level.block.state.BlockBehaviour$BlockStateBase$Cache
[23Jul2025 20:53:29.002] [Server thread/DEBUG] [mixin/]: Mixing gravity.EntityShapeContextMixin from jcraft.mixins.json into net.minecraft.world.phys.shapes.EntityCollisionContext
[23Jul2025 20:53:29.057] [Server thread/DEBUG] [mixin/]: Mixing SubShapeAccess from ferritecore.blockstatecache.mixin.json into net.minecraft.world.phys.shapes.SubShape
[23Jul2025 20:53:29.421] [Worker-Main-3/INFO] [net.minecraft.server.level.progress.LoggerChunkProgressListener/]: Preparing spawn area: 0%
[23Jul2025 20:53:29.914] [Server thread/INFO] [net.minecraft.server.level.progress.LoggerChunkProgressListener/]: Preparing spawn area: 2%
[23Jul2025 20:53:30.082] [Server thread/DEBUG] [net.minecraftforge.coremod.transformer.CoreModBaseTransformer/COREMOD]: Transforming net/minecraft/world/level/levelgen/structure/templatesystem/StructureTemplate
[23Jul2025 20:53:30.413] [Server thread/INFO] [net.minecraft.server.level.progress.LoggerChunkProgressListener/]: Preparing spawn area: 12%
[23Jul2025 20:53:30.635] [Server thread/DEBUG] [mixin/]: Mixing compat1193plus.EntityTrackingSectionMixin from pehkui.mixins.json into net.minecraft.world.level.entity.EntitySection
[23Jul2025 20:53:30.675] [Server thread/DEBUG] [mixin/]: Mixing WalkNodeEvaluatorMixin from jcraft-forge.mixins.json into net.minecraft.world.level.pathfinder.WalkNodeEvaluator
[23Jul2025 20:53:30.676] [Server thread/DEBUG] [mixin/]: jcraft-forge.mixins.json:WalkNodeEvaluatorMixin: Class version 61 required is higher than the class version supported by the current version of Mixin (JAVA_8 supports class version 52)
[23Jul2025 20:53:30.801] [Server thread/DEBUG] [mixin/]: Mixing compat117plus.ProjectileUtilMixin from pehkui.mixins.json into net.minecraft.world.entity.projectile.ProjectileUtil
[23Jul2025 20:53:30.802] [Server thread/DEBUG] [mixin/]: Mixing compat1202minus.compat120plus.ProjectileUtilMixin from pehkui.mixins.json into net.minecraft.world.entity.projectile.ProjectileUtil
[23Jul2025 20:53:30.843] [Server thread/INFO] [net.minecraft.server.level.progress.LoggerChunkProgressListener/]: Time elapsed: 2930 ms
[23Jul2025 20:53:30.843] [Server thread/INFO] [net.minecraft.server.dedicated.DedicatedServer/]: Done (3.473s)! For help, type "help"
[23Jul2025 20:53:30.867] [Server thread/DEBUG] [net.minecraftforge.network.DualStackUtils/]: Detected IPv6 address: "0:0:0:0:0:0:0:0"
[23Jul2025 20:53:30.898] [Server thread/DEBUG] [net.minecraftforge.common.ForgeI18n/CORE]: Loading I18N data entries: 1877
[23Jul2025 20:53:30.901] [Server thread/INFO] [net.minecraftforge.server.permission.PermissionAPI/]: Successfully initialized permission handler forge:default_handler
[23Jul2025 20:53:31.021] [Server thread/WARN] [ModernFix/]: Dedicated server took 32.076 seconds to load
[23Jul2025 20:53:31.046] [Server thread/DEBUG] [io.netty.buffer.AbstractByteBuf/]: -Dio.netty.buffer.checkAccessible: true
[23Jul2025 20:53:31.047] [Server thread/DEBUG] [io.netty.buffer.AbstractByteBuf/]: -Dio.netty.buffer.checkBounds: true
[23Jul2025 20:53:31.047] [Server thread/DEBUG] [io.netty.util.ResourceLeakDetectorFactory/]: Loaded default ResourceLeakDetector: io.netty.util.ResourceLeakDetector@1c12fd74
[23Jul2025 20:53:31.078] [Server thread/DEBUG] [net.minecraftforge.coremod.transformer.CoreModBaseTransformer/COREMOD]: Transforming net/minecraft/world/level/NaturalSpawner
[23Jul2025 20:53:31.122] [Server thread/DEBUG] [mixin/]: Mixing EntityTrackerEntryMixin from pehkui.mixins.json into net.minecraft.server.level.ServerEntity
[23Jul2025 20:53:31.122] [Server thread/DEBUG] [mixin/]: Renaming synthetic method lambda$pehkui$syncEntityData$1(Lnet/minecraft/network/protocol/Packet;)V to md66b7c5$lambda$pehkui$syncEntityData$1$0 in pehkui.mixins.json:EntityTrackerEntryMixin
[23Jul2025 20:53:31.122] [Server thread/DEBUG] [mixin/]: Renaming synthetic method lambda$pehkui$tick$0(Lnet/minecraft/network/protocol/Packet;)V to md66b7c5$lambda$pehkui$tick$0$1 in pehkui.mixins.json:EntityTrackerEntryMixin
[23Jul2025 20:53:31.177] [Server thread/DEBUG] [mixin/]: Mixing compat119plus.LookTargetUtilMixin from pehkui.mixins.json into net.minecraft.world.entity.ai.behavior.BehaviorUtils
[23Jul2025 20:53:31.780] [Netty Epoll Server IO #1/DEBUG] [io.netty.util.Recycler/]: -Dio.netty.recycler.maxCapacityPerThread: 4096
[23Jul2025 20:53:31.780] [Netty Epoll Server IO #1/DEBUG] [io.netty.util.Recycler/]: -Dio.netty.recycler.ratio: 8
[23Jul2025 20:53:31.781] [Netty Epoll Server IO #1/DEBUG] [io.netty.util.Recycler/]: -Dio.netty.recycler.chunkSize: 32
[23Jul2025 20:53:31.781] [Netty Epoll Server IO #1/DEBUG] [io.netty.util.Recycler/]: -Dio.netty.recycler.blocking: false
[23Jul2025 20:53:34.181] [Netty Epoll Server IO #2/DEBUG] [mixin/]: Mixing core.NetworkHooksMixin from modernfix-forge.mixins.json into net.minecraftforge.network.NetworkHooks
[23Jul2025 20:53:37.080] [Netty Epoll Server IO #4/DEBUG] [net.minecraftforge.network.HandshakeHandler/FMLHANDSHAKE]: Starting new modded impl connection. Found 29 messages to dispatch.
[23Jul2025 20:53:37.131] [Server thread/DEBUG] [net.minecraftforge.network.HandshakeHandler/FMLHANDSHAKE]: Sending ticking packet info 'net.minecraftforge.network.HandshakeMessages$S2CModData' to 'fml:handshake' sequence 0
[23Jul2025 20:53:37.181] [Server thread/DEBUG] [net.minecraftforge.network.HandshakeHandler/FMLHANDSHAKE]: Sending ticking packet info 'net.minecraftforge.network.HandshakeMessages$S2CModList' to 'fml:handshake' sequence 1
[23Jul2025 20:53:37.233] [Server thread/DEBUG] [net.minecraftforge.network.HandshakeHandler/FMLHANDSHAKE]: Sending ticking packet info 'Registry minecraft:command_argument_type' to 'fml:handshake' sequence 2
[23Jul2025 20:53:37.281] [Server thread/DEBUG] [net.minecraftforge.network.HandshakeHandler/FMLHANDSHAKE]: Sending ticking packet info 'Registry jcraft:stand_type' to 'fml:handshake' sequence 3
[23Jul2025 20:53:37.331] [Server thread/DEBUG] [net.minecraftforge.network.HandshakeHandler/FMLHANDSHAKE]: Sending ticking packet info 'Registry minecraft:villager_profession' to 'fml:handshake' sequence 4
[23Jul2025 20:53:37.350] [Netty Epoll Server IO #4/DEBUG] [net.minecraftforge.network.LoginWrapper/FMLHANDSHAKE]: Recieved login wrapper packet event for channel fml:handshake with index 1
[23Jul2025 20:53:37.351] [Netty Epoll Server IO #4/DEBUG] [net.minecraftforge.network.HandshakeHandler/FMLHANDSHAKE]: Received client indexed reply 1 of type net.minecraftforge.network.HandshakeMessages$C2SModListReply
[23Jul2025 20:53:37.352] [Netty Epoll Server IO #4/DEBUG] [net.minecraftforge.network.HandshakeHandler/FMLHANDSHAKE]: Received client connection with modlist [minecraft, terrablender, jade, whispering_spirits, geckolib, playeranimator, spectrelib, pehkui, clumps, controlling, searchables, modernfix, mixinextras, architectury, ferritecore, embeddium_extra, carryon, azurelib, lodestone, cloth_config, forge, betterdays, ash_of_sin_soul_like_boss_battle, embeddium, rubidium, jcraft, trimmed]
[23Jul2025 20:53:37.352] [Netty Epoll Server IO #4/DEBUG] [net.minecraftforge.network.NetworkRegistry/NETREGISTRY]: Channel 'fml:loginwrapper' : Version test of 'FML3' from client : ACCEPTED
[23Jul2025 20:53:37.353] [Netty Epoll Server IO #4/DEBUG] [net.minecraftforge.network.NetworkRegistry/NETREGISTRY]: Channel 'lodestone:main' : Version test of '1' from client : ACCEPTED
[23Jul2025 20:53:37.353] [Netty Epoll Server IO #4/DEBUG] [net.minecraftforge.network.NetworkRegistry/NETREGISTRY]: Channel 'forge:tier_sorting' : Version test of '1.0' from client : ACCEPTED
[23Jul2025 20:53:37.353] [Netty Epoll Server IO #4/DEBUG] [net.minecraftforge.network.NetworkRegistry/NETREGISTRY]: Channel 'spectrelib:main' : Version test of '1' from client : ACCEPTED
[23Jul2025 20:53:37.353] [Netty Epoll Server IO #4/DEBUG] [net.minecraftforge.network.NetworkRegistry/NETREGISTRY]: Channel 'whispering_spirits:whispering_spirits' : Version test of '1' from client : ACCEPTED
[23Jul2025 20:53:37.353] [Netty Epoll Server IO #4/DEBUG] [net.minecraftforge.network.NetworkRegistry/NETREGISTRY]: Channel 'architectury:network' : Version test of '1' from client : ACCEPTED
[23Jul2025 20:53:37.353] [Netty Epoll Server IO #4/DEBUG] [net.minecraftforge.network.NetworkRegistry/NETREGISTRY]: Channel 'carryon:carryonpackets' : Version test of '1.0' from client : ACCEPTED
[23Jul2025 20:53:37.353] [Netty Epoll Server IO #4/DEBUG] [net.minecraftforge.network.NetworkRegistry/NETREGISTRY]: Channel 'minecraft:unregister' : Version test of 'FML3' from client : ACCEPTED
[23Jul2025 20:53:37.353] [Netty Epoll Server IO #4/DEBUG] [net.minecraftforge.network.NetworkRegistry/NETREGISTRY]: Channel 'fml:play' : Version test of 'FML3' from client : ACCEPTED
[23Jul2025 20:53:37.353] [Netty Epoll Server IO #4/DEBUG] [net.minecraftforge.network.NetworkRegistry/NETREGISTRY]: Channel 'azurelib:main' : Version test of '1' from client : ACCEPTED
[23Jul2025 20:53:37.353] [Netty Epoll Server IO #4/DEBUG] [net.minecraftforge.network.NetworkRegistry/NETREGISTRY]: Channel 'azurelib:network_channel' : Version test of '2.0.0' from client : ACCEPTED
[23Jul2025 20:53:37.353] [Netty Epoll Server IO #4/DEBUG] [net.minecraftforge.network.NetworkRegistry/NETREGISTRY]: Channel 'fml:handshake' : Version test of 'FML3' from client : ACCEPTED
[23Jul2025 20:53:37.353] [Netty Epoll Server IO #4/DEBUG] [net.minecraftforge.network.NetworkRegistry/NETREGISTRY]: Channel 'modernfix:main' : Version test of '1' from client : ACCEPTED
[23Jul2025 20:53:37.353] [Netty Epoll Server IO #4/DEBUG] [net.minecraftforge.network.NetworkRegistry/NETREGISTRY]: Channel 'modernfix:ingredient_sync' : Version test of '1' from client : ACCEPTED
[23Jul2025 20:53:37.353] [Netty Epoll Server IO #4/DEBUG] [net.minecraftforge.network.NetworkRegistry/NETREGISTRY]: Channel 'minecraft:register' : Version test of 'FML3' from client : ACCEPTED
[23Jul2025 20:53:37.353] [Netty Epoll Server IO #4/DEBUG] [net.minecraftforge.network.NetworkRegistry/NETREGISTRY]: Channel 'forge:split' : Version test of '1.1' from client : ACCEPTED
[23Jul2025 20:53:37.353] [Netty Epoll Server IO #4/DEBUG] [net.minecraftforge.network.NetworkRegistry/NETREGISTRY]: Channel 'geckolib:main' : Version test of '1' from client : ACCEPTED
[23Jul2025 20:53:37.353] [Netty Epoll Server IO #4/DEBUG] [net.minecraftforge.network.NetworkRegistry/NETREGISTRY]: Channel 'jade:networking' : Version test of '2' from client : ACCEPTED
[23Jul2025 20:53:37.353] [Netty Epoll Server IO #4/DEBUG] [net.minecraftforge.network.NetworkRegistry/NETREGISTRY]: Channel 'pehkui:main' : Version test of '2' from client : ACCEPTED
[23Jul2025 20:53:37.353] [Netty Epoll Server IO #4/DEBUG] [net.minecraftforge.network.NetworkRegistry/NETREGISTRY]: Accepting channel list from client
[23Jul2025 20:53:37.354] [Netty Epoll Server IO #4/DEBUG] [net.minecraftforge.network.HandshakeHandler/FMLHANDSHAKE]: Accepted client connection mod list
[23Jul2025 20:53:37.373] [Netty Epoll Server IO #4/DEBUG] [net.minecraftforge.network.LoginWrapper/FMLHANDSHAKE]: Recieved login wrapper packet event for channel fml:handshake with index 2
[23Jul2025 20:53:37.374] [Netty Epoll Server IO #4/DEBUG] [net.minecraftforge.network.HandshakeHandler/FMLHANDSHAKE]: Received client indexed reply 2 of type net.minecraftforge.network.HandshakeMessages$C2SAcknowledge
[23Jul2025 20:53:37.374] [Netty Epoll Server IO #4/DEBUG] [net.minecraftforge.network.HandshakeHandler/FMLHANDSHAKE]: Received acknowledgement from client
[23Jul2025 20:53:37.381] [Server thread/DEBUG] [net.minecraftforge.network.HandshakeHandler/FMLHANDSHAKE]: Sending ticking packet info 'Registry minecraft:item' to 'fml:handshake' sequence 5
[23Jul2025 20:53:37.431] [Server thread/DEBUG] [net.minecraftforge.network.HandshakeHandler/FMLHANDSHAKE]: Sending ticking packet info 'Registry minecraft:potion' to 'fml:handshake' sequence 6
[23Jul2025 20:53:37.481] [Netty Epoll Server IO #4/DEBUG] [net.minecraftforge.network.LoginWrapper/FMLHANDSHAKE]: Recieved login wrapper packet event for channel fml:handshake with index 3
[23Jul2025 20:53:37.481] [Netty Epoll Server IO #4/DEBUG] [net.minecraftforge.network.HandshakeHandler/FMLHANDSHAKE]: Received client indexed reply 3 of type net.minecraftforge.network.HandshakeMessages$C2SAcknowledge
[23Jul2025 20:53:37.481] [Netty Epoll Server IO #4/DEBUG] [net.minecraftforge.network.HandshakeHandler/FMLHANDSHAKE]: Received acknowledgement from client
[23Jul2025 20:53:37.481] [Server thread/DEBUG] [net.minecraftforge.network.HandshakeHandler/FMLHANDSHAKE]: Sending ticking packet info 'Registry minecraft:block_entity_type' to 'fml:handshake' sequence 7
[23Jul2025 20:53:37.486] [Netty Epoll Server IO #4/DEBUG] [net.minecraftforge.network.LoginWrapper/FMLHANDSHAKE]: Recieved login wrapper packet event for channel fml:handshake with index 4
[23Jul2025 20:53:37.486] [Netty Epoll Server IO #4/DEBUG] [net.minecraftforge.network.HandshakeHandler/FMLHANDSHAKE]: Received client indexed reply 4 of type net.minecraftforge.network.HandshakeMessages$C2SAcknowledge
[23Jul2025 20:53:37.486] [Netty Epoll Server IO #4/DEBUG] [net.minecraftforge.network.HandshakeHandler/FMLHANDSHAKE]: Received acknowledgement from client
[23Jul2025 20:53:37.531] [Server thread/DEBUG] [net.minecraftforge.network.HandshakeHandler/FMLHANDSHAKE]: Sending ticking packet info 'Registry forge:display_contexts' to 'fml:handshake' sequence 8
[23Jul2025 20:53:37.582] [Server thread/DEBUG] [net.minecraftforge.network.HandshakeHandler/FMLHANDSHAKE]: Sending ticking packet info 'Registry jcraft:move_action_type' to 'fml:handshake' sequence 9
[23Jul2025 20:53:37.603] [Netty Epoll Server IO #4/DEBUG] [net.minecraftforge.network.LoginWrapper/FMLHANDSHAKE]: Recieved login wrapper packet event for channel fml:handshake with index 5
[23Jul2025 20:53:37.603] [Netty Epoll Server IO #4/DEBUG] [net.minecraftforge.network.HandshakeHandler/FMLHANDSHAKE]: Received client indexed reply 5 of type net.minecraftforge.network.HandshakeMessages$C2SAcknowledge
[23Jul2025 20:53:37.603] [Netty Epoll Server IO #4/DEBUG] [net.minecraftforge.network.HandshakeHandler/FMLHANDSHAKE]: Received acknowledgement from client
[23Jul2025 20:53:37.614] [Netty Epoll Server IO #4/DEBUG] [net.minecraftforge.network.LoginWrapper/FMLHANDSHAKE]: Recieved login wrapper packet event for channel fml:handshake with index 6
[23Jul2025 20:53:37.614] [Netty Epoll Server IO #4/DEBUG] [net.minecraftforge.network.HandshakeHandler/FMLHANDSHAKE]: Received client indexed reply 6 of type net.minecraftforge.network.HandshakeMessages$C2SAcknowledge
[23Jul2025 20:53:37.614] [Netty Epoll Server IO #4/DEBUG] [net.minecraftforge.network.HandshakeHandler/FMLHANDSHAKE]: Received acknowledgement from client
[23Jul2025 20:53:37.632] [Server thread/DEBUG] [net.minecraftforge.network.HandshakeHandler/FMLHANDSHAKE]: Sending ticking packet info 'Registry minecraft:stat_type' to 'fml:handshake' sequence 10
[23Jul2025 20:53:37.682] [Server thread/DEBUG] [net.minecraftforge.network.HandshakeHandler/FMLHANDSHAKE]: Sending ticking packet info 'Registry minecraft:menu' to 'fml:handshake' sequence 11
[23Jul2025 20:53:37.698] [Netty Epoll Server IO #4/DEBUG] [net.minecraftforge.network.LoginWrapper/FMLHANDSHAKE]: Recieved login wrapper packet event for channel fml:handshake with index 7
[23Jul2025 20:53:37.698] [Netty Epoll Server IO #4/DEBUG] [net.minecraftforge.network.HandshakeHandler/FMLHANDSHAKE]: Received client indexed reply 7 of type net.minecraftforge.network.HandshakeMessages$C2SAcknowledge
[23Jul2025 20:53:37.698] [Netty Epoll Server IO #4/DEBUG] [net.minecraftforge.network.HandshakeHandler/FMLHANDSHAKE]: Received acknowledgement from client
[23Jul2025 20:53:37.732] [Server thread/DEBUG] [net.minecraftforge.network.HandshakeHandler/FMLHANDSHAKE]: Sending ticking packet info 'Registry jcraft:move_condition_type' to 'fml:handshake' sequence 12
[23Jul2025 20:53:37.732] [Netty Epoll Server IO #4/DEBUG] [net.minecraftforge.network.LoginWrapper/FMLHANDSHAKE]: Recieved login wrapper packet event for channel fml:handshake with index 8
[23Jul2025 20:53:37.733] [Netty Epoll Server IO #4/DEBUG] [net.minecraftforge.network.HandshakeHandler/FMLHANDSHAKE]: Received client indexed reply 8 of type net.minecraftforge.network.HandshakeMessages$C2SAcknowledge
[23Jul2025 20:53:37.733] [Netty Epoll Server IO #4/DEBUG] [net.minecraftforge.network.HandshakeHandler/FMLHANDSHAKE]: Received acknowledgement from client
[23Jul2025 20:53:37.733] [Netty Epoll Server IO #4/DEBUG] [net.minecraftforge.network.LoginWrapper/FMLHANDSHAKE]: Recieved login wrapper packet event for channel fml:handshake with index 9
[23Jul2025 20:53:37.733] [Netty Epoll Server IO #4/DEBUG] [net.minecraftforge.network.HandshakeHandler/FMLHANDSHAKE]: Received client indexed reply 9 of type net.minecraftforge.network.HandshakeMessages$C2SAcknowledge
[23Jul2025 20:53:37.733] [Netty Epoll Server IO #4/DEBUG] [net.minecraftforge.network.HandshakeHandler/FMLHANDSHAKE]: Received acknowledgement from client
[23Jul2025 20:53:37.781] [Server thread/DEBUG] [net.minecraftforge.network.HandshakeHandler/FMLHANDSHAKE]: Sending ticking packet info 'Registry jcraft:move_type' to 'fml:handshake' sequence 13
[23Jul2025 20:53:37.808] [Netty Epoll Server IO #4/DEBUG] [net.minecraftforge.network.LoginWrapper/FMLHANDSHAKE]: Recieved login wrapper packet event for channel fml:handshake with index 10
[23Jul2025 20:53:37.808] [Netty Epoll Server IO #4/DEBUG] [net.minecraftforge.network.HandshakeHandler/FMLHANDSHAKE]: Received client indexed reply 10 of type net.minecraftforge.network.HandshakeMessages$C2SAcknowledge
[23Jul2025 20:53:37.808] [Netty Epoll Server IO #4/DEBUG] [net.minecraftforge.network.HandshakeHandler/FMLHANDSHAKE]: Received acknowledgement from client
[23Jul2025 20:53:37.808] [Netty Epoll Server IO #4/DEBUG] [net.minecraftforge.network.LoginWrapper/FMLHANDSHAKE]: Recieved login wrapper packet event for channel fml:handshake with index 11
[23Jul2025 20:53:37.808] [Netty Epoll Server IO #4/DEBUG] [net.minecraftforge.network.HandshakeHandler/FMLHANDSHAKE]: Received client indexed reply 11 of type net.minecraftforge.network.HandshakeMessages$C2SAcknowledge
[23Jul2025 20:53:37.808] [Netty Epoll Server IO #4/DEBUG] [net.minecraftforge.network.HandshakeHandler/FMLHANDSHAKE]: Received acknowledgement from client
[23Jul2025 20:53:37.829] [Server thread/DEBUG] [net.minecraftforge.network.HandshakeHandler/FMLHANDSHAKE]: Sending ticking packet info 'Registry minecraft:fluid' to 'fml:handshake' sequence 14
[23Jul2025 20:53:37.879] [Server thread/DEBUG] [net.minecraftforge.network.HandshakeHandler/FMLHANDSHAKE]: Sending ticking packet info 'Registry minecraft:recipe_serializer' to 'fml:handshake' sequence 15
[23Jul2025 20:53:37.903] [Netty Epoll Server IO #4/DEBUG] [net.minecraftforge.network.LoginWrapper/FMLHANDSHAKE]: Recieved login wrapper packet event for channel fml:handshake with index 12
[23Jul2025 20:53:37.903] [Netty Epoll Server IO #4/DEBUG] [net.minecraftforge.network.HandshakeHandler/FMLHANDSHAKE]: Received client indexed reply 12 of type net.minecraftforge.network.HandshakeMessages$C2SAcknowledge
[23Jul2025 20:53:37.903] [Netty Epoll Server IO #4/DEBUG] [net.minecraftforge.network.HandshakeHandler/FMLHANDSHAKE]: Received acknowledgement from client
[23Jul2025 20:53:37.928] [Server thread/DEBUG] [net.minecraftforge.network.HandshakeHandler/FMLHANDSHAKE]: Sending ticking packet info 'Registry minecraft:sound_event' to 'fml:handshake' sequence 16
[23Jul2025 20:53:37.929] [Netty Epoll Server IO #4/DEBUG] [net.minecraftforge.network.LoginWrapper/FMLHANDSHAKE]: Recieved login wrapper packet event for channel fml:handshake with index 13
[23Jul2025 20:53:37.930] [Netty Epoll Server IO #4/DEBUG] [net.minecraftforge.network.HandshakeHandler/FMLHANDSHAKE]: Received client indexed reply 13 of type net.minecraftforge.network.HandshakeMessages$C2SAcknowledge
[23Jul2025 20:53:37.930] [Netty Epoll Server IO #4/DEBUG] [net.minecraftforge.network.HandshakeHandler/FMLHANDSHAKE]: Received acknowledgement from client
[23Jul2025 20:53:37.979] [Server thread/DEBUG] [net.minecraftforge.network.HandshakeHandler/FMLHANDSHAKE]: Sending ticking packet info 'Registry minecraft:particle_type' to 'fml:handshake' sequence 17
[23Jul2025 20:53:38.029] [Server thread/DEBUG] [net.minecraftforge.network.HandshakeHandler/FMLHANDSHAKE]: Sending ticking packet info 'Registry minecraft:painting_variant' to 'fml:handshake' sequence 18
[23Jul2025 20:53:38.035] [Netty Epoll Server IO #4/DEBUG] [net.minecraftforge.network.LoginWrapper/FMLHANDSHAKE]: Recieved login wrapper packet event for channel fml:handshake with index 14
[23Jul2025 20:53:38.035] [Netty Epoll Server IO #4/DEBUG] [net.minecraftforge.network.HandshakeHandler/FMLHANDSHAKE]: Received client indexed reply 14 of type net.minecraftforge.network.HandshakeMessages$C2SAcknowledge
[23Jul2025 20:53:38.035] [Netty Epoll Server IO #4/DEBUG] [net.minecraftforge.network.HandshakeHandler/FMLHANDSHAKE]: Received acknowledgement from client
[23Jul2025 20:53:38.035] [Netty Epoll Server IO #4/DEBUG] [net.minecraftforge.network.LoginWrapper/FMLHANDSHAKE]: Recieved login wrapper packet event for channel fml:handshake with index 15
[23Jul2025 20:53:38.036] [Netty Epoll Server IO #4/DEBUG] [net.minecraftforge.network.HandshakeHandler/FMLHANDSHAKE]: Received client indexed reply 15 of type net.minecraftforge.network.HandshakeMessages$C2SAcknowledge
[23Jul2025 20:53:38.036] [Netty Epoll Server IO #4/DEBUG] [net.minecraftforge.network.HandshakeHandler/FMLHANDSHAKE]: Received acknowledgement from client
[23Jul2025 20:53:38.082] [Server thread/DEBUG] [net.minecraftforge.network.HandshakeHandler/FMLHANDSHAKE]: Sending ticking packet info 'Registry forge:fluid_type' to 'fml:handshake' sequence 19
[23Jul2025 20:53:38.131] [Server thread/DEBUG] [net.minecraftforge.network.HandshakeHandler/FMLHANDSHAKE]: Sending ticking packet info 'Registry minecraft:block' to 'fml:handshake' sequence 20
[23Jul2025 20:53:38.147] [Netty Epoll Server IO #4/DEBUG] [net.minecraftforge.network.LoginWrapper/FMLHANDSHAKE]: Recieved login wrapper packet event for channel fml:handshake with index 16
[23Jul2025 20:53:38.147] [Netty Epoll Server IO #4/DEBUG] [net.minecraftforge.network.HandshakeHandler/FMLHANDSHAKE]: Received client indexed reply 16 of type net.minecraftforge.network.HandshakeMessages$C2SAcknowledge
[23Jul2025 20:53:38.148] [Netty Epoll Server IO #4/DEBUG] [net.minecraftforge.network.HandshakeHandler/FMLHANDSHAKE]: Received acknowledgement from client
[23Jul2025 20:53:38.152] [Netty Epoll Server IO #4/DEBUG] [net.minecraftforge.network.LoginWrapper/FMLHANDSHAKE]: Recieved login wrapper packet event for channel fml:handshake with index 17
[23Jul2025 20:53:38.152] [Netty Epoll Server IO #4/DEBUG] [net.minecraftforge.network.HandshakeHandler/FMLHANDSHAKE]: Received client indexed reply 17 of type net.minecraftforge.network.HandshakeMessages$C2SAcknowledge
[23Jul2025 20:53:38.152] [Netty Epoll Server IO #4/DEBUG] [net.minecraftforge.network.HandshakeHandler/FMLHANDSHAKE]: Received acknowledgement from client
[23Jul2025 20:53:38.152] [Netty Epoll Server IO #4/DEBUG] [net.minecraftforge.network.LoginWrapper/FMLHANDSHAKE]: Recieved login wrapper packet event for channel fml:handshake with index 18
[23Jul2025 20:53:38.152] [Netty Epoll Server IO #4/DEBUG] [net.minecraftforge.network.HandshakeHandler/FMLHANDSHAKE]: Received client indexed reply 18 of type net.minecraftforge.network.HandshakeMessages$C2SAcknowledge
[23Jul2025 20:53:38.153] [Netty Epoll Server IO #4/DEBUG] [net.minecraftforge.network.HandshakeHandler/FMLHANDSHAKE]: Received acknowledgement from client
[23Jul2025 20:53:38.180] [Server thread/DEBUG] [net.minecraftforge.network.HandshakeHandler/FMLHANDSHAKE]: Sending ticking packet info 'Registry forge:entity_data_serializers' to 'fml:handshake' sequence 21
[23Jul2025 20:53:38.231] [Server thread/DEBUG] [net.minecraftforge.network.HandshakeHandler/FMLHANDSHAKE]: Sending ticking packet info 'Registry minecraft:mob_effect' to 'fml:handshake' sequence 22
[23Jul2025 20:53:38.245] [Netty Epoll Server IO #4/DEBUG] [net.minecraftforge.network.LoginWrapper/FMLHANDSHAKE]: Recieved login wrapper packet event for channel fml:handshake with index 19
[23Jul2025 20:53:38.245] [Netty Epoll Server IO #4/DEBUG] [net.minecraftforge.network.HandshakeHandler/FMLHANDSHAKE]: Received client indexed reply 19 of type net.minecraftforge.network.HandshakeMessages$C2SAcknowledge
[23Jul2025 20:53:38.245] [Netty Epoll Server IO #4/DEBUG] [net.minecraftforge.network.HandshakeHandler/FMLHANDSHAKE]: Received acknowledgement from client
[23Jul2025 20:53:38.280] [Server thread/DEBUG] [net.minecraftforge.network.HandshakeHandler/FMLHANDSHAKE]: Sending ticking packet info 'Registry betterdays:time_effect' to 'fml:handshake' sequence 23
[23Jul2025 20:53:38.281] [Netty Epoll Server IO #4/DEBUG] [net.minecraftforge.network.LoginWrapper/FMLHANDSHAKE]: Recieved login wrapper packet event for channel fml:handshake with index 20
[23Jul2025 20:53:38.281] [Netty Epoll Server IO #4/DEBUG] [net.minecraftforge.network.HandshakeHandler/FMLHANDSHAKE]: Received client indexed reply 20 of type net.minecraftforge.network.HandshakeMessages$C2SAcknowledge
[23Jul2025 20:53:38.282] [Netty Epoll Server IO #4/DEBUG] [net.minecraftforge.network.HandshakeHandler/FMLHANDSHAKE]: Received acknowledgement from client
[23Jul2025 20:53:38.331] [Server thread/DEBUG] [net.minecraftforge.network.HandshakeHandler/FMLHANDSHAKE]: Sending ticking packet info 'Registry minecraft:enchantment' to 'fml:handshake' sequence 24
[23Jul2025 20:53:38.352] [Netty Epoll Server IO #4/DEBUG] [net.minecraftforge.network.LoginWrapper/FMLHANDSHAKE]: Recieved login wrapper packet event for channel fml:handshake with index 21
[23Jul2025 20:53:38.353] [Netty Epoll Server IO #4/DEBUG] [net.minecraftforge.network.HandshakeHandler/FMLHANDSHAKE]: Received client indexed reply 21 of type net.minecraftforge.network.HandshakeMessages$C2SAcknowledge
[23Jul2025 20:53:38.353] [Netty Epoll Server IO #4/DEBUG] [net.minecraftforge.network.HandshakeHandler/FMLHANDSHAKE]: Received acknowledgement from client
[23Jul2025 20:53:38.357] [Netty Epoll Server IO #4/DEBUG] [net.minecraftforge.network.LoginWrapper/FMLHANDSHAKE]: Recieved login wrapper packet event for channel fml:handshake with index 22
[23Jul2025 20:53:38.357] [Netty Epoll Server IO #4/DEBUG] [net.minecraftforge.network.HandshakeHandler/FMLHANDSHAKE]: Received client indexed reply 22 of type net.minecraftforge.network.HandshakeMessages$C2SAcknowledge
[23Jul2025 20:53:38.357] [Netty Epoll Server IO #4/DEBUG] [net.minecraftforge.network.HandshakeHandler/FMLHANDSHAKE]: Received acknowledgement from client
[23Jul2025 20:53:38.381] [Server thread/DEBUG] [net.minecraftforge.network.HandshakeHandler/FMLHANDSHAKE]: Sending ticking packet info 'Registry jcraft:spec_type' to 'fml:handshake' sequence 25
[23Jul2025 20:53:38.430] [Server thread/DEBUG] [net.minecraftforge.network.HandshakeHandler/FMLHANDSHAKE]: Sending ticking packet info 'Registry minecraft:entity_type' to 'fml:handshake' sequence 26
[23Jul2025 20:53:38.459] [Netty Epoll Server IO #4/DEBUG] [net.minecraftforge.network.LoginWrapper/FMLHANDSHAKE]: Recieved login wrapper packet event for channel fml:handshake with index 23
[23Jul2025 20:53:38.459] [Netty Epoll Server IO #4/DEBUG] [net.minecraftforge.network.HandshakeHandler/FMLHANDSHAKE]: Received client indexed reply 23 of type net.minecraftforge.network.HandshakeMessages$C2SAcknowledge
[23Jul2025 20:53:38.459] [Netty Epoll Server IO #4/DEBUG] [net.minecraftforge.network.HandshakeHandler/FMLHANDSHAKE]: Received acknowledgement from client
[23Jul2025 20:53:38.460] [Netty Epoll Server IO #4/DEBUG] [net.minecraftforge.network.LoginWrapper/FMLHANDSHAKE]: Recieved login wrapper packet event for channel fml:handshake with index 24
[23Jul2025 20:53:38.460] [Netty Epoll Server IO #4/DEBUG] [net.minecraftforge.network.HandshakeHandler/FMLHANDSHAKE]: Received client indexed reply 24 of type net.minecraftforge.network.HandshakeMessages$C2SAcknowledge
[23Jul2025 20:53:38.460] [Netty Epoll Server IO #4/DEBUG] [net.minecraftforge.network.HandshakeHandler/FMLHANDSHAKE]: Received acknowledgement from client
[23Jul2025 20:53:38.480] [Server thread/DEBUG] [net.minecraftforge.network.HandshakeHandler/FMLHANDSHAKE]: Sending ticking packet info 'Config pehkui-server.toml' to 'fml:handshake' sequence 27
[23Jul2025 20:53:38.531] [Server thread/DEBUG] [net.minecraftforge.network.HandshakeHandler/FMLHANDSHAKE]: Sending ticking packet info 'Config forge-server.toml' to 'fml:handshake' sequence 28
[23Jul2025 20:53:38.539] [Netty Epoll Server IO #4/DEBUG] [net.minecraftforge.network.LoginWrapper/FMLHANDSHAKE]: Recieved login wrapper packet event for channel fml:handshake with index 25
[23Jul2025 20:53:38.539] [Netty Epoll Server IO #4/DEBUG] [net.minecraftforge.network.HandshakeHandler/FMLHANDSHAKE]: Received client indexed reply 25 of type net.minecraftforge.network.HandshakeMessages$C2SAcknowledge
[23Jul2025 20:53:38.539] [Netty Epoll Server IO #4/DEBUG] [net.minecraftforge.network.HandshakeHandler/FMLHANDSHAKE]: Received acknowledgement from client
[23Jul2025 20:53:38.646] [Netty Epoll Server IO #4/DEBUG] [net.minecraftforge.network.LoginWrapper/FMLHANDSHAKE]: Recieved login wrapper packet event for channel fml:handshake with index 26
[23Jul2025 20:53:38.646] [Netty Epoll Server IO #4/DEBUG] [net.minecraftforge.network.HandshakeHandler/FMLHANDSHAKE]: Received client indexed reply 26 of type net.minecraftforge.network.HandshakeMessages$C2SAcknowledge
[23Jul2025 20:53:38.646] [Netty Epoll Server IO #4/DEBUG] [net.minecraftforge.network.HandshakeHandler/FMLHANDSHAKE]: Received acknowledgement from client
[23Jul2025 20:53:38.652] [Netty Epoll Server IO #4/DEBUG] [net.minecraftforge.network.LoginWrapper/FMLHANDSHAKE]: Recieved login wrapper packet event for channel fml:handshake with index 27
[23Jul2025 20:53:38.652] [Netty Epoll Server IO #4/DEBUG] [net.minecraftforge.network.HandshakeHandler/FMLHANDSHAKE]: Received client indexed reply 27 of type net.minecraftforge.network.HandshakeMessages$C2SAcknowledge
[23Jul2025 20:53:38.652] [Netty Epoll Server IO #4/DEBUG] [net.minecraftforge.network.HandshakeHandler/FMLHANDSHAKE]: Received acknowledgement from client
[23Jul2025 20:53:38.702] [Netty Epoll Server IO #4/DEBUG] [net.minecraftforge.network.LoginWrapper/FMLHANDSHAKE]: Recieved login wrapper packet event for channel fml:handshake with index 28
[23Jul2025 20:53:38.702] [Netty Epoll Server IO #4/DEBUG] [net.minecraftforge.network.HandshakeHandler/FMLHANDSHAKE]: Received client indexed reply 28 of type net.minecraftforge.network.HandshakeMessages$C2SAcknowledge
[23Jul2025 20:53:38.702] [Netty Epoll Server IO #4/DEBUG] [net.minecraftforge.network.HandshakeHandler/FMLHANDSHAKE]: Received acknowledgement from client
[23Jul2025 20:53:38.728] [Server thread/DEBUG] [net.minecraftforge.network.HandshakeHandler/FMLHANDSHAKE]: Handshake complete!
[23Jul2025 20:53:38.781] [Server thread/DEBUG] [mixin/]: Mixing compat1204minus.HorseScreenHandlerMixin from pehkui.mixins.json into net.minecraft.world.inventory.HorseInventoryMenu
[23Jul2025 20:53:38.786] [Server thread/WARN] [net.minecraft.network.syncher.SynchedEntityData/]: defineId called for: class net.minecraft.world.entity.player.Player from class tschipp.carryon.common.carry.CarryOnDataManager
[23Jul2025 20:53:38.789] [Server thread/DEBUG] [mixin/]: Mixing HungerManagerMixin from jcraft.mixins.json into net.minecraft.world.food.FoodData
[23Jul2025 20:53:38.838] [Server thread/INFO] [net.minecraft.server.players.PlayerList/]: blackdesfail[/127.195.151.45:35417] logged in with entity id 177 at (-82.39310350678048, 73.0, 120.69999998807907)
[23Jul2025 20:53:38.847] [Server thread/DEBUG] [net.minecraftforge.network.filters.NetworkFilters/]: Injected net.minecraftforge.network.filters.ForgeConnectionNetworkFilter@43e05498 into net.minecraft.network.Connection@63922e9
[23Jul2025 20:53:38.862] [Server thread/DEBUG] [ModernFix/]: Sending ID correction packet to client with 68 classes
[23Jul2025 20:53:38.891] [Server thread/INFO] [ModernFix/]: Using enhanced recipe sync for player blackdesfail
[23Jul2025 20:53:38.935] [Server thread/INFO] [net.minecraft.server.MinecraftServer/]: blackdesfail joined the game
[23Jul2025 20:53:39.082] [Server thread/INFO] [Jade/]: Syncing config to blackdesfail (8ee55147-1e45-3b94-88b3-e892d49e9186)
[23Jul2025 20:53:39.139] [Server thread/DEBUG] [io.netty.util.internal.ThreadLocalRandom/]: -Dio.netty.initialSeedUniquifier: 0x62f76c9875ba835e
[23Jul2025 20:53:41.817] [Worker-Main-3/DEBUG] [ModernFix/]: Using cached upgraded version of jcraft:meteorite_3
[23Jul2025 20:54:26.413] [Netty Epoll Server IO #7/DEBUG] [net.minecraftforge.network.HandshakeHandler/FMLHANDSHAKE]: Starting new modded impl connection. Found 29 messages to dispatch.
[23Jul2025 20:54:26.431] [Server thread/DEBUG] [net.minecraftforge.network.HandshakeHandler/FMLHANDSHAKE]: Sending ticking packet info 'net.minecraftforge.network.HandshakeMessages$S2CModData' to 'fml:handshake' sequence 0
[23Jul2025 20:54:26.479] [Server thread/DEBUG] [net.minecraftforge.network.HandshakeHandler/FMLHANDSHAKE]: Sending ticking packet info 'net.minecraftforge.network.HandshakeMessages$S2CModList' to 'fml:handshake' sequence 1
[23Jul2025 20:54:26.528] [Server thread/DEBUG] [net.minecraftforge.network.HandshakeHandler/FMLHANDSHAKE]: Sending ticking packet info 'Registry minecraft:command_argument_type' to 'fml:handshake' sequence 2
[23Jul2025 20:54:26.579] [Server thread/DEBUG] [net.minecraftforge.network.HandshakeHandler/FMLHANDSHAKE]: Sending ticking packet info 'Registry jcraft:stand_type' to 'fml:handshake' sequence 3
[23Jul2025 20:54:26.628] [Server thread/DEBUG] [net.minecraftforge.network.HandshakeHandler/FMLHANDSHAKE]: Sending ticking packet info 'Registry minecraft:villager_profession' to 'fml:handshake' sequence 4
[23Jul2025 20:54:26.630] [Netty Epoll Server IO #7/DEBUG] [net.minecraftforge.network.LoginWrapper/FMLHANDSHAKE]: Recieved login wrapper packet event for channel fml:handshake with index 1
[23Jul2025 20:54:26.630] [Netty Epoll Server IO #7/DEBUG] [net.minecraftforge.network.HandshakeHandler/FMLHANDSHAKE]: Received client indexed reply 1 of type net.minecraftforge.network.HandshakeMessages$C2SModListReply
[23Jul2025 20:54:26.630] [Netty Epoll Server IO #7/DEBUG] [net.minecraftforge.network.HandshakeHandler/FMLHANDSHAKE]: Received client connection with modlist [minecraft, terrablender, jade, whispering_spirits, geckolib, playeranimator, spectrelib, pehkui, clumps, controlling, searchables, modernfix, mixinextras, architectury, ferritecore, embeddium_extra, carryon, azurelib, lodestone, cloth_config, forge, betterdays, ash_of_sin_soul_like_boss_battle, embeddium, rubidium, jcraft, trimmed]
[23Jul2025 20:54:26.630] [Netty Epoll Server IO #7/DEBUG] [net.minecraftforge.network.NetworkRegistry/NETREGISTRY]: Channel 'fml:loginwrapper' : Version test of 'FML3' from client : ACCEPTED
[23Jul2025 20:54:26.631] [Netty Epoll Server IO #7/DEBUG] [net.minecraftforge.network.NetworkRegistry/NETREGISTRY]: Channel 'lodestone:main' : Version test of '1' from client : ACCEPTED
[23Jul2025 20:54:26.631] [Netty Epoll Server IO #7/DEBUG] [net.minecraftforge.network.NetworkRegistry/NETREGISTRY]: Channel 'forge:tier_sorting' : Version test of '1.0' from client : ACCEPTED
[23Jul2025 20:54:26.631] [Netty Epoll Server IO #7/DEBUG] [net.minecraftforge.network.NetworkRegistry/NETREGISTRY]: Channel 'spectrelib:main' : Version test of '1' from client : ACCEPTED
[23Jul2025 20:54:26.631] [Netty Epoll Server IO #7/DEBUG] [net.minecraftforge.network.NetworkRegistry/NETREGISTRY]: Channel 'whispering_spirits:whispering_spirits' : Version test of '1' from client : ACCEPTED
[23Jul2025 20:54:26.631] [Netty Epoll Server IO #7/DEBUG] [net.minecraftforge.network.NetworkRegistry/NETREGISTRY]: Channel 'architectury:network' : Version test of '1' from client : ACCEPTED
[23Jul2025 20:54:26.631] [Netty Epoll Server IO #7/DEBUG] [net.minecraftforge.network.NetworkRegistry/NETREGISTRY]: Channel 'carryon:carryonpackets' : Version test of '1.0' from client : ACCEPTED
[23Jul2025 20:54:26.631] [Netty Epoll Server IO #7/DEBUG] [net.minecraftforge.network.NetworkRegistry/NETREGISTRY]: Channel 'minecraft:unregister' : Version test of 'FML3' from client : ACCEPTED
[23Jul2025 20:54:26.631] [Netty Epoll Server IO #7/DEBUG] [net.minecraftforge.network.NetworkRegistry/NETREGISTRY]: Channel 'fml:play' : Version test of 'FML3' from client : ACCEPTED
[23Jul2025 20:54:26.631] [Netty Epoll Server IO #7/DEBUG] [net.minecraftforge.network.NetworkRegistry/NETREGISTRY]: Channel 'azurelib:main' : Version test of '1' from client : ACCEPTED
[23Jul2025 20:54:26.631] [Netty Epoll Server IO #7/DEBUG] [net.minecraftforge.network.NetworkRegistry/NETREGISTRY]: Channel 'azurelib:network_channel' : Version test of '2.0.0' from client : ACCEPTED
[23Jul2025 20:54:26.631] [Netty Epoll Server IO #7/DEBUG] [net.minecraftforge.network.NetworkRegistry/NETREGISTRY]: Channel 'fml:handshake' : Version test of 'FML3' from client : ACCEPTED
[23Jul2025 20:54:26.631] [Netty Epoll Server IO #7/DEBUG] [net.minecraftforge.network.NetworkRegistry/NETREGISTRY]: Channel 'modernfix:main' : Version test of '1' from client : ACCEPTED
[23Jul2025 20:54:26.631] [Netty Epoll Server IO #7/DEBUG] [net.minecraftforge.network.NetworkRegistry/NETREGISTRY]: Channel 'modernfix:ingredient_sync' : Version test of '1' from client : ACCEPTED
[23Jul2025 20:54:26.631] [Netty Epoll Server IO #7/DEBUG] [net.minecraftforge.network.NetworkRegistry/NETREGISTRY]: Channel 'minecraft:register' : Version test of 'FML3' from client : ACCEPTED
[23Jul2025 20:54:26.631] [Netty Epoll Server IO #7/DEBUG] [net.minecraftforge.network.NetworkRegistry/NETREGISTRY]: Channel 'forge:split' : Version test of '1.1' from client : ACCEPTED
[23Jul2025 20:54:26.631] [Netty Epoll Server IO #7/DEBUG] [net.minecraftforge.network.NetworkRegistry/NETREGISTRY]: Channel 'geckolib:main' : Version test of '1' from client : ACCEPTED
[23Jul2025 20:54:26.631] [Netty Epoll Server IO #7/DEBUG] [net.minecraftforge.network.NetworkRegistry/NETREGISTRY]: Channel 'jade:networking' : Version test of '2' from client : ACCEPTED
[23Jul2025 20:54:26.631] [Netty Epoll Server IO #7/DEBUG] [net.minecraftforge.network.NetworkRegistry/NETREGISTRY]: Channel 'pehkui:main' : Version test of '2' from client : ACCEPTED
[23Jul2025 20:54:26.631] [Netty Epoll Server IO #7/DEBUG] [net.minecraftforge.network.NetworkRegistry/NETREGISTRY]: Accepting channel list from client
[23Jul2025 20:54:26.631] [Netty Epoll Server IO #7/DEBUG] [net.minecraftforge.network.HandshakeHandler/FMLHANDSHAKE]: Accepted client connection mod list
[23Jul2025 20:54:26.674] [Netty Epoll Server IO #7/DEBUG] [net.minecraftforge.network.LoginWrapper/FMLHANDSHAKE]: Recieved login wrapper packet event for channel fml:handshake with index 2
[23Jul2025 20:54:26.674] [Netty Epoll Server IO #7/DEBUG] [net.minecraftforge.network.HandshakeHandler/FMLHANDSHAKE]: Received client indexed reply 2 of type net.minecraftforge.network.HandshakeMessages$C2SAcknowledge
[23Jul2025 20:54:26.674] [Netty Epoll Server IO #7/DEBUG] [net.minecraftforge.network.HandshakeHandler/FMLHANDSHAKE]: Received acknowledgement from client
[23Jul2025 20:54:26.683] [Server thread/DEBUG] [net.minecraftforge.network.HandshakeHandler/FMLHANDSHAKE]: Sending ticking packet info 'Registry minecraft:item' to 'fml:handshake' sequence 5
[23Jul2025 20:54:26.732] [Server thread/DEBUG] [net.minecraftforge.network.HandshakeHandler/FMLHANDSHAKE]: Sending ticking packet info 'Registry minecraft:potion' to 'fml:handshake' sequence 6
[23Jul2025 20:54:26.753] [Netty Epoll Server IO #7/DEBUG] [net.minecraftforge.network.LoginWrapper/FMLHANDSHAKE]: Recieved login wrapper packet event for channel fml:handshake with index 3
[23Jul2025 20:54:26.753] [Netty Epoll Server IO #7/DEBUG] [net.minecraftforge.network.HandshakeHandler/FMLHANDSHAKE]: Received client indexed reply 3 of type net.minecraftforge.network.HandshakeMessages$C2SAcknowledge
[23Jul2025 20:54:26.753] [Netty Epoll Server IO #7/DEBUG] [net.minecraftforge.network.HandshakeHandler/FMLHANDSHAKE]: Received acknowledgement from client
[23Jul2025 20:54:26.753] [Netty Epoll Server IO #7/DEBUG] [net.minecraftforge.network.LoginWrapper/FMLHANDSHAKE]: Recieved login wrapper packet event for channel fml:handshake with index 4
[23Jul2025 20:54:26.753] [Netty Epoll Server IO #7/DEBUG] [net.minecraftforge.network.HandshakeHandler/FMLHANDSHAKE]: Received client indexed reply 4 of type net.minecraftforge.network.HandshakeMessages$C2SAcknowledge
[23Jul2025 20:54:26.753] [Netty Epoll Server IO #7/DEBUG] [net.minecraftforge.network.HandshakeHandler/FMLHANDSHAKE]: Received acknowledgement from client
[23Jul2025 20:54:26.782] [Server thread/DEBUG] [net.minecraftforge.network.HandshakeHandler/FMLHANDSHAKE]: Sending ticking packet info 'Registry minecraft:block_entity_type' to 'fml:handshake' sequence 7
[23Jul2025 20:54:26.830] [Server thread/DEBUG] [net.minecraftforge.network.HandshakeHandler/FMLHANDSHAKE]: Sending ticking packet info 'Registry forge:display_contexts' to 'fml:handshake' sequence 8
[23Jul2025 20:54:26.882] [Server thread/DEBUG] [net.minecraftforge.network.HandshakeHandler/FMLHANDSHAKE]: Sending ticking packet info 'Registry jcraft:move_action_type' to 'fml:handshake' sequence 9
[23Jul2025 20:54:26.883] [Netty Epoll Server IO #7/DEBUG] [net.minecraftforge.network.LoginWrapper/FMLHANDSHAKE]: Recieved login wrapper packet event for channel fml:handshake with index 5
[23Jul2025 20:54:26.883] [Netty Epoll Server IO #7/DEBUG] [net.minecraftforge.network.HandshakeHandler/FMLHANDSHAKE]: Received client indexed reply 5 of type net.minecraftforge.network.HandshakeMessages$C2SAcknowledge
[23Jul2025 20:54:26.883] [Netty Epoll Server IO #7/DEBUG] [net.minecraftforge.network.HandshakeHandler/FMLHANDSHAKE]: Received acknowledgement from client
[23Jul2025 20:54:26.924] [Netty Epoll Server IO #7/DEBUG] [net.minecraftforge.network.LoginWrapper/FMLHANDSHAKE]: Recieved login wrapper packet event for channel fml:handshake with index 6
[23Jul2025 20:54:26.924] [Netty Epoll Server IO #7/DEBUG] [net.minecraftforge.network.HandshakeHandler/FMLHANDSHAKE]: Received client indexed reply 6 of type net.minecraftforge.network.HandshakeMessages$C2SAcknowledge
[23Jul2025 20:54:26.924] [Netty Epoll Server IO #7/DEBUG] [net.minecraftforge.network.HandshakeHandler/FMLHANDSHAKE]: Received acknowledgement from client
[23Jul2025 20:54:26.933] [Server thread/DEBUG] [net.minecraftforge.network.HandshakeHandler/FMLHANDSHAKE]: Sending ticking packet info 'Registry minecraft:stat_type' to 'fml:handshake' sequence 10
[23Jul2025 20:54:26.942] [Netty Epoll Server IO #7/DEBUG] [net.minecraftforge.network.LoginWrapper/FMLHANDSHAKE]: Recieved login wrapper packet event for channel fml:handshake with index 7
[23Jul2025 20:54:26.942] [Netty Epoll Server IO #7/DEBUG] [net.minecraftforge.network.HandshakeHandler/FMLHANDSHAKE]: Received client indexed reply 7 of type net.minecraftforge.network.HandshakeMessages$C2SAcknowledge
[23Jul2025 20:54:26.942] [Netty Epoll Server IO #7/DEBUG] [net.minecraftforge.network.HandshakeHandler/FMLHANDSHAKE]: Received acknowledgement from client
[23Jul2025 20:54:26.983] [Server thread/DEBUG] [net.minecraftforge.network.HandshakeHandler/FMLHANDSHAKE]: Sending ticking packet info 'Registry minecraft:menu' to 'fml:handshake' sequence 11
[23Jul2025 20:54:26.983] [Netty Epoll Server IO #7/DEBUG] [net.minecraftforge.network.LoginWrapper/FMLHANDSHAKE]: Recieved login wrapper packet event for channel fml:handshake with index 8
[23Jul2025 20:54:26.983] [Netty Epoll Server IO #7/DEBUG] [net.minecraftforge.network.HandshakeHandler/FMLHANDSHAKE]: Received client indexed reply 8 of type net.minecraftforge.network.HandshakeMessages$C2SAcknowledge
[23Jul2025 20:54:26.983] [Netty Epoll Server IO #7/DEBUG] [net.minecraftforge.network.HandshakeHandler/FMLHANDSHAKE]: Received acknowledgement from client
[23Jul2025 20:54:27.029] [Server thread/DEBUG] [net.minecraftforge.network.HandshakeHandler/FMLHANDSHAKE]: Sending ticking packet info 'Registry jcraft:move_condition_type' to 'fml:handshake' sequence 12
[23Jul2025 20:54:27.065] [Netty Epoll Server IO #7/DEBUG] [net.minecraftforge.network.LoginWrapper/FMLHANDSHAKE]: Recieved login wrapper packet event for channel fml:handshake with index 9
[23Jul2025 20:54:27.066] [Netty Epoll Server IO #7/DEBUG] [net.minecraftforge.network.HandshakeHandler/FMLHANDSHAKE]: Received client indexed reply 9 of type net.minecraftforge.network.HandshakeMessages$C2SAcknowledge
[23Jul2025 20:54:27.066] [Netty Epoll Server IO #7/DEBUG] [net.minecraftforge.network.HandshakeHandler/FMLHANDSHAKE]: Received acknowledgement from client
[23Jul2025 20:54:27.066] [Netty Epoll Server IO #7/DEBUG] [net.minecraftforge.network.LoginWrapper/FMLHANDSHAKE]: Recieved login wrapper packet event for channel fml:handshake with index 10
[23Jul2025 20:54:27.066] [Netty Epoll Server IO #7/DEBUG] [net.minecraftforge.network.HandshakeHandler/FMLHANDSHAKE]: Received client indexed reply 10 of type net.minecraftforge.network.HandshakeMessages$C2SAcknowledge
[23Jul2025 20:54:27.066] [Netty Epoll Server IO #7/DEBUG] [net.minecraftforge.network.HandshakeHandler/FMLHANDSHAKE]: Received acknowledgement from client
[23Jul2025 20:54:27.079] [Server thread/DEBUG] [net.minecraftforge.network.HandshakeHandler/FMLHANDSHAKE]: Sending ticking packet info 'Registry jcraft:move_type' to 'fml:handshake' sequence 13
[23Jul2025 20:54:27.128] [Server thread/DEBUG] [net.minecraftforge.network.HandshakeHandler/FMLHANDSHAKE]: Sending ticking packet info 'Registry minecraft:fluid' to 'fml:handshake' sequence 14
[23Jul2025 20:54:27.159] [Netty Epoll Server IO #7/DEBUG] [net.minecraftforge.network.LoginWrapper/FMLHANDSHAKE]: Recieved login wrapper packet event for channel fml:handshake with index 11
[23Jul2025 20:54:27.160] [Netty Epoll Server IO #7/DEBUG] [net.minecraftforge.network.HandshakeHandler/FMLHANDSHAKE]: Received client indexed reply 11 of type net.minecraftforge.network.HandshakeMessages$C2SAcknowledge
[23Jul2025 20:54:27.160] [Netty Epoll Server IO #7/DEBUG] [net.minecraftforge.network.HandshakeHandler/FMLHANDSHAKE]: Received acknowledgement from client
[23Jul2025 20:54:27.180] [Server thread/DEBUG] [net.minecraftforge.network.HandshakeHandler/FMLHANDSHAKE]: Sending ticking packet info 'Registry minecraft:recipe_serializer' to 'fml:handshake' sequence 15
[23Jul2025 20:54:27.180] [Netty Epoll Server IO #7/DEBUG] [net.minecraftforge.network.LoginWrapper/FMLHANDSHAKE]: Recieved login wrapper packet event for channel fml:handshake with index 12
[23Jul2025 20:54:27.180] [Netty Epoll Server IO #7/DEBUG] [net.minecraftforge.network.HandshakeHandler/FMLHANDSHAKE]: Received client indexed reply 12 of type net.minecraftforge.network.HandshakeMessages$C2SAcknowledge
[23Jul2025 20:54:27.180] [Netty Epoll Server IO #7/DEBUG] [net.minecraftforge.network.HandshakeHandler/FMLHANDSHAKE]: Received acknowledgement from client
[23Jul2025 20:54:27.224] [Netty Epoll Server IO #7/DEBUG] [net.minecraftforge.network.LoginWrapper/FMLHANDSHAKE]: Recieved login wrapper packet event for channel fml:handshake with index 13
[23Jul2025 20:54:27.224] [Netty Epoll Server IO #7/DEBUG] [net.minecraftforge.network.HandshakeHandler/FMLHANDSHAKE]: Received client indexed reply 13 of type net.minecraftforge.network.HandshakeMessages$C2SAcknowledge
[23Jul2025 20:54:27.224] [Netty Epoll Server IO #7/DEBUG] [net.minecraftforge.network.HandshakeHandler/FMLHANDSHAKE]: Received acknowledgement from client
[23Jul2025 20:54:27.228] [Server thread/DEBUG] [net.minecraftforge.network.HandshakeHandler/FMLHANDSHAKE]: Sending ticking packet info 'Registry minecraft:sound_event' to 'fml:handshake' sequence 16
[23Jul2025 20:54:27.253] [Netty Epoll Server IO #7/DEBUG] [net.minecraftforge.network.LoginWrapper/FMLHANDSHAKE]: Recieved login wrapper packet event for channel fml:handshake with index 14
[23Jul2025 20:54:27.253] [Netty Epoll Server IO #7/DEBUG] [net.minecraftforge.network.HandshakeHandler/FMLHANDSHAKE]: Received client indexed reply 14 of type net.minecraftforge.network.HandshakeMessages$C2SAcknowledge
[23Jul2025 20:54:27.253] [Netty Epoll Server IO #7/DEBUG] [net.minecraftforge.network.HandshakeHandler/FMLHANDSHAKE]: Received acknowledgement from client
[23Jul2025 20:54:27.280] [Server thread/DEBUG] [net.minecraftforge.network.HandshakeHandler/FMLHANDSHAKE]: Sending ticking packet info 'Registry minecraft:particle_type' to 'fml:handshake' sequence 17
[23Jul2025 20:54:27.324] [Netty Epoll Server IO #7/DEBUG] [net.minecraftforge.network.LoginWrapper/FMLHANDSHAKE]: Recieved login wrapper packet event for channel fml:handshake with index 15
[23Jul2025 20:54:27.324] [Netty Epoll Server IO #7/DEBUG] [net.minecraftforge.network.HandshakeHandler/FMLHANDSHAKE]: Received client indexed reply 15 of type net.minecraftforge.network.HandshakeMessages$C2SAcknowledge
[23Jul2025 20:54:27.324] [Netty Epoll Server IO #7/DEBUG] [net.minecraftforge.network.HandshakeHandler/FMLHANDSHAKE]: Received acknowledgement from client
[23Jul2025 20:54:27.328] [Server thread/DEBUG] [net.minecraftforge.network.HandshakeHandler/FMLHANDSHAKE]: Sending ticking packet info 'Registry minecraft:painting_variant' to 'fml:handshake' sequence 18
[23Jul2025 20:54:27.378] [Server thread/DEBUG] [net.minecraftforge.network.HandshakeHandler/FMLHANDSHAKE]: Sending ticking packet info 'Registry forge:fluid_type' to 'fml:handshake' sequence 19
[23Jul2025 20:54:27.426] [Netty Epoll Server IO #7/DEBUG] [net.minecraftforge.network.LoginWrapper/FMLHANDSHAKE]: Recieved login wrapper packet event for channel fml:handshake with index 16
[23Jul2025 20:54:27.427] [Netty Epoll Server IO #7/DEBUG] [net.minecraftforge.network.HandshakeHandler/FMLHANDSHAKE]: Received client indexed reply 16 of type net.minecraftforge.network.HandshakeMessages$C2SAcknowledge
[23Jul2025 20:54:27.427] [Netty Epoll Server IO #7/DEBUG] [net.minecraftforge.network.HandshakeHandler/FMLHANDSHAKE]: Received acknowledgement from client
[23Jul2025 20:54:27.433] [Server thread/DEBUG] [net.minecraftforge.network.HandshakeHandler/FMLHANDSHAKE]: Sending ticking packet info 'Registry minecraft:block' to 'fml:handshake' sequence 20
[23Jul2025 20:54:27.433] [Netty Epoll Server IO #7/DEBUG] [net.minecraftforge.network.LoginWrapper/FMLHANDSHAKE]: Recieved login wrapper packet event for channel fml:handshake with index 17
[23Jul2025 20:54:27.433] [Netty Epoll Server IO #7/DEBUG] [net.minecraftforge.network.HandshakeHandler/FMLHANDSHAKE]: Received client indexed reply 17 of type net.minecraftforge.network.HandshakeMessages$C2SAcknowledge
[23Jul2025 20:54:27.433] [Netty Epoll Server IO #7/DEBUG] [net.minecraftforge.network.HandshakeHandler/FMLHANDSHAKE]: Received acknowledgement from client
[23Jul2025 20:54:27.482] [Server thread/DEBUG] [net.minecraftforge.network.HandshakeHandler/FMLHANDSHAKE]: Sending ticking packet info 'Registry forge:entity_data_serializers' to 'fml:handshake' sequence 21
[23Jul2025 20:54:27.512] [Netty Epoll Server IO #7/DEBUG] [net.minecraftforge.network.LoginWrapper/FMLHANDSHAKE]: Recieved login wrapper packet event for channel fml:handshake with index 18
[23Jul2025 20:54:27.513] [Netty Epoll Server IO #7/DEBUG] [net.minecraftforge.network.HandshakeHandler/FMLHANDSHAKE]: Received client indexed reply 18 of type net.minecraftforge.network.HandshakeMessages$C2SAcknowledge
[23Jul2025 20:54:27.513] [Netty Epoll Server IO #7/DEBUG] [net.minecraftforge.network.HandshakeHandler/FMLHANDSHAKE]: Received acknowledgement from client
[23Jul2025 20:54:27.513] [Netty Epoll Server IO #7/DEBUG] [net.minecraftforge.network.LoginWrapper/FMLHANDSHAKE]: Recieved login wrapper packet event for channel fml:handshake with index 19
[23Jul2025 20:54:27.513] [Netty Epoll Server IO #7/DEBUG] [net.minecraftforge.network.HandshakeHandler/FMLHANDSHAKE]: Received client indexed reply 19 of type net.minecraftforge.network.HandshakeMessages$C2SAcknowledge
[23Jul2025 20:54:27.513] [Netty Epoll Server IO #7/DEBUG] [net.minecraftforge.network.HandshakeHandler/FMLHANDSHAKE]: Received acknowledgement from client
[23Jul2025 20:54:27.530] [Server thread/DEBUG] [net.minecraftforge.network.HandshakeHandler/FMLHANDSHAKE]: Sending ticking packet info 'Registry minecraft:mob_effect' to 'fml:handshake' sequence 22
[23Jul2025 20:54:27.578] [Server thread/DEBUG] [net.minecraftforge.network.HandshakeHandler/FMLHANDSHAKE]: Sending ticking packet info 'Registry betterdays:time_effect' to 'fml:handshake' sequence 23
[23Jul2025 20:54:27.608] [Netty Epoll Server IO #7/DEBUG] [net.minecraftforge.network.LoginWrapper/FMLHANDSHAKE]: Recieved login wrapper packet event for channel fml:handshake with index 20
[23Jul2025 20:54:27.608] [Netty Epoll Server IO #7/DEBUG] [net.minecraftforge.network.HandshakeHandler/FMLHANDSHAKE]: Received client indexed reply 20 of type net.minecraftforge.network.HandshakeMessages$C2SAcknowledge
[23Jul2025 20:54:27.608] [Netty Epoll Server IO #7/DEBUG] [net.minecraftforge.network.HandshakeHandler/FMLHANDSHAKE]: Received acknowledgement from client
[23Jul2025 20:54:27.629] [Server thread/DEBUG] [net.minecraftforge.network.HandshakeHandler/FMLHANDSHAKE]: Sending ticking packet info 'Registry minecraft:enchantment' to 'fml:handshake' sequence 24
[23Jul2025 20:54:27.630] [Netty Epoll Server IO #7/DEBUG] [net.minecraftforge.network.LoginWrapper/FMLHANDSHAKE]: Recieved login wrapper packet event for channel fml:handshake with index 21
[23Jul2025 20:54:27.630] [Netty Epoll Server IO #7/DEBUG] [net.minecraftforge.network.HandshakeHandler/FMLHANDSHAKE]: Received client indexed reply 21 of type net.minecraftforge.network.HandshakeMessages$C2SAcknowledge
[23Jul2025 20:54:27.630] [Netty Epoll Server IO #7/DEBUG] [net.minecraftforge.network.HandshakeHandler/FMLHANDSHAKE]: Received acknowledgement from client
[23Jul2025 20:54:27.680] [Server thread/DEBUG] [net.minecraftforge.network.HandshakeHandler/FMLHANDSHAKE]: Sending ticking packet info 'Registry jcraft:spec_type' to 'fml:handshake' sequence 25
[23Jul2025 20:54:27.704] [Netty Epoll Server IO #7/DEBUG] [net.minecraftforge.network.LoginWrapper/FMLHANDSHAKE]: Recieved login wrapper packet event for channel fml:handshake with index 22
[23Jul2025 20:54:27.704] [Netty Epoll Server IO #7/DEBUG] [net.minecraftforge.network.HandshakeHandler/FMLHANDSHAKE]: Received client indexed reply 22 of type net.minecraftforge.network.HandshakeMessages$C2SAcknowledge
[23Jul2025 20:54:27.704] [Netty Epoll Server IO #7/DEBUG] [net.minecraftforge.network.HandshakeHandler/FMLHANDSHAKE]: Received acknowledgement from client
[23Jul2025 20:54:27.704] [Netty Epoll Server IO #7/DEBUG] [net.minecraftforge.network.LoginWrapper/FMLHANDSHAKE]: Recieved login wrapper packet event for channel fml:handshake with index 23
[23Jul2025 20:54:27.704] [Netty Epoll Server IO #7/DEBUG] [net.minecraftforge.network.HandshakeHandler/FMLHANDSHAKE]: Received client indexed reply 23 of type net.minecraftforge.network.HandshakeMessages$C2SAcknowledge
[23Jul2025 20:54:27.704] [Netty Epoll Server IO #7/DEBUG] [net.minecraftforge.network.HandshakeHandler/FMLHANDSHAKE]: Received acknowledgement from client
[23Jul2025 20:54:27.730] [Server thread/DEBUG] [net.minecraftforge.network.HandshakeHandler/FMLHANDSHAKE]: Sending ticking packet info 'Registry minecraft:entity_type' to 'fml:handshake' sequence 26
[23Jul2025 20:54:27.780] [Server thread/DEBUG] [net.minecraftforge.network.HandshakeHandler/FMLHANDSHAKE]: Sending ticking packet info 'Config pehkui-server.toml' to 'fml:handshake' sequence 27
[23Jul2025 20:54:27.797] [Netty Epoll Server IO #7/DEBUG] [net.minecraftforge.network.LoginWrapper/FMLHANDSHAKE]: Recieved login wrapper packet event for channel fml:handshake with index 24
[23Jul2025 20:54:27.797] [Netty Epoll Server IO #7/DEBUG] [net.minecraftforge.network.HandshakeHandler/FMLHANDSHAKE]: Received client indexed reply 24 of type net.minecraftforge.network.HandshakeMessages$C2SAcknowledge
[23Jul2025 20:54:27.797] [Netty Epoll Server IO #7/DEBUG] [net.minecraftforge.network.HandshakeHandler/FMLHANDSHAKE]: Received acknowledgement from client
[23Jul2025 20:54:27.828] [Server thread/DEBUG] [net.minecraftforge.network.HandshakeHandler/FMLHANDSHAKE]: Sending ticking packet info 'Config forge-server.toml' to 'fml:handshake' sequence 28
[23Jul2025 20:54:27.829] [Netty Epoll Server IO #7/DEBUG] [net.minecraftforge.network.LoginWrapper/FMLHANDSHAKE]: Recieved login wrapper packet event for channel fml:handshake with index 25
[23Jul2025 20:54:27.829] [Netty Epoll Server IO #7/DEBUG] [net.minecraftforge.network.HandshakeHandler/FMLHANDSHAKE]: Received client indexed reply 25 of type net.minecraftforge.network.HandshakeMessages$C2SAcknowledge
[23Jul2025 20:54:27.829] [Netty Epoll Server IO #7/DEBUG] [net.minecraftforge.network.HandshakeHandler/FMLHANDSHAKE]: Received acknowledgement from client
[23Jul2025 20:54:27.968] [Netty Epoll Server IO #7/DEBUG] [net.minecraftforge.network.LoginWrapper/FMLHANDSHAKE]: Recieved login wrapper packet event for channel fml:handshake with index 26
[23Jul2025 20:54:27.968] [Netty Epoll Server IO #7/DEBUG] [net.minecraftforge.network.HandshakeHandler/FMLHANDSHAKE]: Received client indexed reply 26 of type net.minecraftforge.network.HandshakeMessages$C2SAcknowledge
[23Jul2025 20:54:27.968] [Netty Epoll Server IO #7/DEBUG] [net.minecraftforge.network.HandshakeHandler/FMLHANDSHAKE]: Received acknowledgement from client
[23Jul2025 20:54:27.974] [Netty Epoll Server IO #7/DEBUG] [net.minecraftforge.network.LoginWrapper/FMLHANDSHAKE]: Recieved login wrapper packet event for channel fml:handshake with index 27
[23Jul2025 20:54:27.974] [Netty Epoll Server IO #7/DEBUG] [net.minecraftforge.network.HandshakeHandler/FMLHANDSHAKE]: Received client indexed reply 27 of type net.minecraftforge.network.HandshakeMessages$C2SAcknowledge
[23Jul2025 20:54:27.974] [Netty Epoll Server IO #7/DEBUG] [net.minecraftforge.network.HandshakeHandler/FMLHANDSHAKE]: Received acknowledgement from client
[23Jul2025 20:54:27.988] [Netty Epoll Server IO #7/DEBUG] [net.minecraftforge.network.LoginWrapper/FMLHANDSHAKE]: Recieved login wrapper packet event for channel fml:handshake with index 28
[23Jul2025 20:54:27.989] [Netty Epoll Server IO #7/DEBUG] [net.minecraftforge.network.HandshakeHandler/FMLHANDSHAKE]: Received client indexed reply 28 of type net.minecraftforge.network.HandshakeMessages$C2SAcknowledge
[23Jul2025 20:54:27.989] [Netty Epoll Server IO #7/DEBUG] [net.minecraftforge.network.HandshakeHandler/FMLHANDSHAKE]: Received acknowledgement from client
[23Jul2025 20:54:28.030] [Server thread/DEBUG] [net.minecraftforge.network.HandshakeHandler/FMLHANDSHAKE]: Handshake complete!
[23Jul2025 20:54:28.127] [Server thread/INFO] [net.minecraft.server.players.PlayerList/]: ander31[/127.48.48.65:39939] logged in with entity id 284 at (-317.63051574139007, 79.0, -475.4860946215219)
[23Jul2025 20:54:28.127] [Server thread/DEBUG] [net.minecraftforge.network.filters.NetworkFilters/]: Injected net.minecraftforge.network.filters.ForgeConnectionNetworkFilter@1a469634 into net.minecraft.network.Connection@2226db4d
[23Jul2025 20:54:28.127] [Server thread/DEBUG] [ModernFix/]: Sending ID correction packet to client with 68 classes
[23Jul2025 20:54:28.131] [Server thread/INFO] [ModernFix/]: Using enhanced recipe sync for player ander31
[23Jul2025 20:54:28.152] [Server thread/INFO] [net.minecraft.server.MinecraftServer/]: ander31 joined the game
[23Jul2025 20:54:28.166] [Server thread/INFO] [Jade/]: Syncing config to ander31 (b1453593-5f83-3666-8d38-4070cb18656a)
[23Jul2025 20:54:41.489] [Server thread/DEBUG] [clumps/]: Loaded com.blamejared.clumps.platform.ForgeEventHandler@6ee8afa8 for service interface com.blamejared.clumps.platform.IEventHelper
[23Jul2025 20:54:41.489] [Server thread/DEBUG] [clumps/]: Loaded com.blamejared.clumps.platform.ForgePlatformHelper@16b2a89d for service interface com.blamejared.clumps.platform.IPlatformHelper
[23Jul2025 20:54:47.002] [Server thread/DEBUG] [ModernFix/]: Using cached upgraded version of jcraft:meteorite_2
[23Jul2025 20:55:39.585] [Worker-Main-2/DEBUG] [ModernFix/]: Using cached upgraded version of jcraft:meteorite_round
[23Jul2025 20:56:12.439] [Worker-Main-1/DEBUG] [ModernFix/]: Using cached upgraded version of jcraft:meteorite_1
[23Jul2025 20:56:31.714] [Server thread/INFO] [net.minecraft.server.MinecraftServer/]: [Not Secure] <ander31> -333/-500
[23Jul2025 20:58:31.041] [Server thread/DEBUG] [net.minecraftforge.common.ForgeHooks/WP]: Gathering id map for writing to world save world
[23Jul2025 20:58:31.049] [Server thread/DEBUG] [net.minecraftforge.common.ForgeHooks/WP]: ID Map collection complete world
[23Jul2025 21:03:31.015] [Server thread/DEBUG] [net.minecraftforge.common.ForgeHooks/WP]: Gathering id map for writing to world save world
[23Jul2025 21:03:31.022] [Server thread/DEBUG] [net.minecraftforge.common.ForgeHooks/WP]: ID Map collection complete world
[23Jul2025 21:04:06.783] [Server thread/INFO] [net.minecraft.server.MinecraftServer/]: [Not Secure] <ander31> e
[23Jul2025 21:04:28.372] [Server thread/DEBUG] [Better Days/]: Sleep cycle complete on dimension: minecraft:overworld.
[23Jul2025 21:06:04.940] [Server thread/INFO] [net.minecraft.server.MinecraftServer/]: [Not Secure] <blackdesfail> me respondio
[23Jul2025 21:06:12.353] [Server thread/INFO] [net.minecraft.server.MinecraftServer/]: [Not Secure] <blackdesfail> espera
[23Jul2025 21:08:31.012] [Server thread/DEBUG] [net.minecraftforge.common.ForgeHooks/WP]: Gathering id map for writing to world save world
[23Jul2025 21:08:31.018] [Server thread/DEBUG] [net.minecraftforge.common.ForgeHooks/WP]: ID Map collection complete world
[23Jul2025 21:09:28.499] [Worker-Main-3/DEBUG] [mixin/]: Mixing compat116plus.VillagerBreedTaskMixin from pehkui.mixins.json into net.minecraft.world.entity.ai.behavior.VillagerMakeLove
[23Jul2025 21:13:30.999] [Server thread/DEBUG] [net.minecraftforge.common.ForgeHooks/WP]: Gathering id map for writing to world save world
[23Jul2025 21:13:31.005] [Server thread/DEBUG] [net.minecraftforge.common.ForgeHooks/WP]: ID Map collection complete world
[23Jul2025 21:15:22.421] [Server thread/DEBUG] [Better Days/]: Sleep cycle complete on dimension: minecraft:overworld.
[23Jul2025 21:18:30.997] [Server thread/DEBUG] [net.minecraftforge.common.ForgeHooks/WP]: Gathering id map for writing to world save world
[23Jul2025 21:18:31.002] [Server thread/DEBUG] [net.minecraftforge.common.ForgeHooks/WP]: ID Map collection complete world
[23Jul2025 21:18:36.681] [Server thread/INFO] [net.minecraft.server.MinecraftServer/]: blackdesfail has made the advancement [Acquire Hardware]
[23Jul2025 21:19:07.497] [Server thread/INFO] [net.minecraft.server.MinecraftServer/]: blackdesfail has made the advancement [Isn't It Iron Pick]
[23Jul2025 21:21:52.431] [Server thread/INFO] [net.minecraft.server.MinecraftServer/]: ander31 has made the advancement [Isn't It Iron Pick]
[23Jul2025 21:23:30.998] [Server thread/DEBUG] [net.minecraftforge.common.ForgeHooks/WP]: Gathering id map for writing to world save world
[23Jul2025 21:23:31.003] [Server thread/DEBUG] [net.minecraftforge.common.ForgeHooks/WP]: ID Map collection complete world
[23Jul2025 21:24:56.924] [Server thread/INFO] [net.minecraft.server.MinecraftServer/]: blackdesfail has made the advancement [Monster Hunter]
[23Jul2025 21:25:03.900] [Server thread/INFO] [net.minecraft.server.MinecraftServer/]: ander31 has made the advancement [Acquire Hardware]
